Age,Region,Residence,Religion,Mothers_Education,Wealth_index,Birth_order,Wanted_pregnancy,Place_of_delivery,Husbands_education,Husbands_occupation,ANC_visit,Media_exposure
-0.019874247,-0.001932647,0.035818037,0.076808155,-0.12115128,-0.057955135,0.03799987,0.029302971,1.1263715,0.06880432,0.014786344,-0.028246338,-0.09547311
-0.022859829,0.15586288,0.04410937,-0.00949778,0.060145777,0.076133765,0.037074395,0.02053465,0.9943225,0.016025646,0.013859643,-0.06965459,0.0960695
-0.010885707,0.0826571,0.0338164,-0.005136285,-0.04089457,0.15357171,0.035450757,0.032273367,-2.0256925,0.19245759,0.012070546,-0.13135648,0.08084181
0.00704609,0.19867925,-0.001515274,-0.00175067,0.108268216,0.0515072,-0.01646564,0.015720688,1.0062606,0.11143174,0.033030536,-0.043771315,-0.06971034
-0.06709108,-0.057764266,-0.06459291,-0.003598236,-0.12201963,-0.080743104,-0.09015951,-0.09295852,-1.9498656,-0.18785065,0.009867256,-0.6075681,-0.10922831
-0.043486882,0.17792583,0.008447971,-0.007243333,0.028570222,0.10539077,-0.053902157,-0.20992361,0.8891848,-0.004698635,0.009750366,0.33798146,0.11741197
-0.04007909,-0.17956157,0.033084888,-0.000682766,0.16135871,0.13774864,0.037984725,0.027332857,-1.7201241,-0.13227196,0.006023901,0.7578037,0.028691078
-0.01674721,0.017492026,-0.008192675,-0.004578641,0.024665903,0.082025796,-0.011800116,0.042053763,-1.6491123,0.1637016,0.008345084,-0.55779576,0.074083075
-0.011450045,0.015008201,-0.105644405,-0.007288117,0.020988371,0.068495296,0.013402442,-0.000326734,0.7129675,0.020974297,0.007358652,0.3294736,0.002316855
-0.019184688,-0.012066428,0.0788602,-0.008264327,0.04983628,-0.083223626,0.020716593,0.022901006,1.051671,-0.21752393,0.022179246,0.032921657,0.05879634
-0.03233101,-0.058303848,-0.10788425,-0.007077144,-0.16964173,0.04688046,0.028888172,-2.84E-05,0.9418802,-0.06899229,0.021738922,-0.07596171,0.11216064
-0.039028537,-0.17483993,0.022921104,0.001412866,-0.06416471,0.0857595,0.013708335,0.028337602,0.98519367,0.07584566,0.017837001,-0.099549964,-0.0671951
0.069538794,-0.0220666,-0.008458509,-0.028571893,0.000939254,0.036322225,0.006051012,0.005116314,-1.9343123,0.10734719,0.009586305,-0.20864485,-0.050205804
-0.024783665,0.027863491,-0.051468264,-0.008153219,-0.19669452,-0.17565514,0.004729973,0.03364069,-2.3030543,-0.13049169,0.008875132,-0.1201669,0.062779725
0.05792523,-0.10439843,-0.018171158,0.010159775,0.09546565,0.00091439,0.012873783,0.046576917,1.0535066,0.06463593,0.017449548,-0.011317601,0.054722376
-0.022619184,0.065864086,-0.08088376,0.001577704,0.03724949,0.08589462,0.003136687,0.003716454,0.83814013,0.09596111,0.013659578,0.3714528,-0.04275197
-0.054388024,0.12613457,0.03858694,0.007033547,0.000538789,0.079284094,-0.036899343,-0.18185888,0.8120974,0.081837855,0.015670443,0.31278035,-0.05229949
-0.01912016,0.04355697,0.023442652,-0.007451419,0.039044514,0.09312499,0.006845442,0.03531488,1.0643823,0.04632872,0.013480757,0.002338081,-0.08319527
-0.011581302,-0.04514838,0.08684095,-0.002178362,0.046614796,0.09362689,0.03217079,0.031471692,0.72357094,0.07572419,0.009566656,0.43628445,-0.022372954
0.08402324,0.002379096,-0.03025967,0.011766513,-0.0575581,-0.083240435,0.004850635,-0.2376826,0.97627324,0.050160374,0.022832396,-0.003062723,-0.09295593
-0.0311058,-0.22775376,0.020750698,-0.01711559,-0.07522494,0.020042082,0.006293153,-0.005950746,0.8504731,-0.032145534,0.024982005,-0.097148806,-0.07844122
0.116792575,-0.16365395,0.022294708,-0.001743847,-0.002715899,0.17080422,0.05046713,0.009853042,-1.6387771,0.09291576,0.009284885,0.56194884,0.040350657
-0.023579914,-0.00067479,0.058642447,-0.00672301,-0.020731587,0.22685517,-0.07738031,-0.07351267,-1.6172676,0.07464225,0.008170443,-0.73042834,-0.089589916
0.027199436,-0.11648293,-0.010378128,-0.001936325,-0.021297554,0.016217047,0.017293738,0.012943406,-2.0257106,0.07024758,0.010075903,-0.11127884,0.05007247
0.22794183,-0.04137124,-0.040740877,-0.004206893,-0.056056138,-0.005736113,0.028623814,0.049770158,-1.949077,-0.054589882,0.009721024,-0.4714939,0.088684894
-0.028706191,-0.012507894,0.099684566,-0.007531875,-0.016071528,0.05423442,-0.076293625,0.017688747,-1.7116235,-0.053187244,0.007966845,-0.8091511,-0.10384428
-0.021625094,0.10065147,-0.016300634,-0.008396915,-0.006608272,0.14321025,-0.007137545,0.023203691,-1.6575181,0.06083062,0.007668632,0.6495076,-0.038858987
-0.012675626,-0.11044289,0.04121651,-0.000379286,0.04147454,0.030856688,0.019134257,0.03606331,0.93962955,0.06891305,0.016449224,0.36580735,-0.018843336
-0.007770895,0.0683573,0.015377169,-0.014708244,0.044172067,-0.26700082,-0.008392125,0.066409744,0.91092956,0.056229923,0.013402682,0.221518,-0.13429321
-0.008427953,-0.18870227,0.06267814,-0.009511974,-0.20762926,-0.12695023,-0.03679202,0.043248728,0.9249093,-0.29969284,0.015969528,0.03116397,0.07808805
0.14184335,0.002292575,-0.03579602,-0.007919963,-0.17409198,-0.11788805,-0.12420585,0.040839262,-2.201409,-0.08360067,0.011545157,-0.06986011,-0.032532472
-0.04239386,-0.10661551,-0.022926806,-0.003069589,0.02432171,0.07099992,0.003983637,0.020675838,-1.9997617,-0.12037145,0.009670233,-0.14979163,0.05475247
-0.018755732,0.17221145,-0.03638366,0.046159197,0.06348099,0.07079515,-0.032712825,0.022327168,0.83768207,0.09543831,0.013419838,0.37632686,-0.07445297
-0.038492005,-0.010215585,-0.019042106,-0.002726015,-0.09223305,-0.1717769,0.005935694,-0.12944621,-2.1669867,-0.15016945,0.009514109,-0.105427355,0.06911677
-0.04971696,-0.29221892,-0.024505494,-0.001899366,-0.12406174,0.1058321,-0.10321388,0.03024393,-2.1439028,-0.117058665,0.011171898,-0.16837962,-0.07040572
-0.024874058,0.021797795,-0.0230219,-0.008990915,0.056663446,-0.07949548,-0.018224899,0.039343115,-2.2712111,-0.11224519,0.007749521,-0.08536575,0.050147135
-0.003716067,0.17901531,0.012442262,-0.001771573,0.12006313,0.20063353,0.018397743,0.19924957,1.0570794,0.05278,0.03317601,-0.03824882,-0.013633731
-0.04918606,-0.12499322,-0.03513382,-0.003829106,-0.056299053,0.07387438,-0.014399182,-0.10465814,-1.9695847,-0.05714997,0.008605681,-0.69479954,0.082551666
0.065969996,0.0817139,-0.014112539,8.85E-05,0.11618407,-0.055107344,-0.0366683,-0.00136262,1.0275706,0.04744374,0.024923494,-0.061269842,-0.064380795
-0.012109411,0.20071785,0.041330803,-0.007973749,0.07664941,-0.020723369,0.0155374,0.016947933,1.0800518,0.000251068,0.024980702,-0.033724472,0.09676435
-0.02795081,-0.28094128,-0.08326566,0.010486462,-0.061046734,0.035146438,0.03354689,0.032941464,0.8614554,0.08154204,0.026137805,0.34273383,-0.07205172
-0.025929939,-0.2229164,0.03857487,-0.007113474,-0.089445375,-0.0610057,0.011101645,0.035885535,0.90106285,-0.04662721,0.016122608,-0.08480526,0.045791388
-0.029349087,0.011416314,0.006434701,-0.004536336,-0.12360512,-0.15797141,-0.028610889,0.000990446,-1.5285203,-0.17401119,-0.37069726,-0.10875831,0.09024608
-0.04023602,0.05993362,-0.022096869,-0.004061107,0.057986394,-0.058571916,-0.019630691,0.034835618,-2.2132187,-0.10323666,0.011392112,-0.107958674,-0.04049871
0.17549485,-0.18462482,-0.003443955,-0.001863741,-0.11965771,-0.16551605,-0.06430827,-0.173653,-2.2756171,0.053870365,0.010062194,-0.09111068,0.034079716
0.048414003,-0.1252375,0.001357221,-0.000483188,0.10114001,-0.018986057,0.056507614,0.040354613,1.0204831,-0.08345771,0.016430052,-0.03554092,0.024484206
-0.021072306,-0.062129267,0.0785209,-0.007281561,-0.10748461,0.1668653,0.002324936,0.019482264,1.0364028,-0.041512046,0.024482263,-0.08998195,-0.12414426
-0.005588664,0.15315431,0.042707622,-0.008551694,-0.040113863,0.21506895,0.0243745,0.028489862,-1.8581474,0.24977632,0.011329195,-0.13722451,0.06390273
-0.033660747,0.066450074,-0.041823737,-0.005350164,0.057435837,0.01876891,0.009051545,0.000756754,0.94693255,0.028718058,0.025425857,-0.06293176,-0.08105021
-0.007085616,-0.14038971,0.024196243,-0.005542547,0.06275819,-0.18220894,-0.003605801,0.051095683,1.0337191,0.109504715,0.014808893,-0.009046124,0.049268
-0.01768691,0.23933291,0.06727596,0.122178756,-0.11740849,-0.004965628,-0.004584205,0.042340916,1.0991474,0.031285122,0.027120179,-0.04722849,-0.051223565
-0.005516823,0.1809877,-0.030832365,-0.007859962,0.05760473,0.10827394,0.010584339,0.009250644,1.0059977,0.17653488,0.02207774,-0.042840954,0.1403357
-0.03948403,0.08653276,0.009717475,-0.003267795,-0.081766754,-0.10416486,0.01867775,-0.1199788,-1.9942682,0.20625025,0.013139687,-0.14746174,-0.032774583
0.01300812,-0.13272887,0.018460235,0.000814774,0.07556454,0.062198825,0.03171265,0.15939991,1.0286682,-0.010532388,0.024430368,-0.08739938,0.027208194
-0.036599338,-0.21666044,0.002137805,-0.008338729,0.020990629,0.002616856,0.062463764,0.048284926,-1.813064,0.012213007,0.008833795,-0.473147,0.06110402
-0.002619054,-0.044791054,0.016114235,-0.007777974,0.03838194,0.072342604,-0.00024118,0.027341682,0.9329867,0.027298542,0.018760948,0.34394118,-0.06335031
-0.04438161,-0.07705073,-0.02776349,-0.006123966,-0.000261053,-0.06650202,0.048480004,0.03910623,-2.104569,-0.060043007,0.007868264,-0.57529485,0.059604112
-0.013836987,0.012998696,-0.036761515,-0.004528744,0.1035732,0.009781698,-0.028840221,0.004117937,0.9776928,-0.030490743,0.029184008,-0.059531353,-0.03791385
-0.012895042,0.15649696,0.047602493,-0.003478113,0.055347905,0.121310525,-0.023099741,0.029503368,1.0365517,0.03190043,0.027053444,-0.062529504,-0.050576497
-0.041045044,0.1009289,-0.005246405,-0.003256831,0.040489987,0.25539172,0.020869695,-0.05111071,-1.8920381,-0.15599723,0.011097157,-0.0844025,0.10526448
-0.031767577,-0.090436876,0.004494499,-0.009478869,0.14184077,0.010414233,0.042815257,0.036968246,1.0853801,0.050829545,0.023340931,-0.04766031,-0.046276726
-0.006370152,0.11443033,0.010637885,-0.006536582,-0.029429562,0.095308885,0.005687727,0.027496466,-2.0872726,0.16297604,0.011250611,-0.13187514,0.07361942
-0.03165615,-0.14153127,0.002326818,-0.005035042,0.074827746,-0.1447256,0.002793969,-0.24439739,1.0343912,0.026292207,0.02106695,-0.03032939,-0.13504046
0.012848771,0.18613905,0.01180968,-0.00314454,-0.102104045,-0.08695277,-0.18898898,-0.16524424,-1.9541932,0.08963008,0.013496648,-0.058475133,0.009022741
-0.040360507,-0.25340316,-0.027782472,-0.002780407,-0.13333935,-0.17609438,-0.08419088,-0.18818039,-2.3407867,-0.120772764,0.008983181,-0.09764281,0.022363666
-0.02052682,-0.025467355,0.03757274,-0.005438626,-0.040165473,-0.089319386,0.034469295,0.05898604,0.81928796,0.15512699,0.0201101,0.28960815,0.03797757
-0.010545404,0.065521054,-0.039625406,-0.00933319,0.070271164,0.070987426,-0.000893336,-0.001254015,0.89310145,0.088807315,0.025302768,-0.0749612,-0.10682877
-0.04237704,-0.10362069,-0.012491049,-0.004260358,0.12790863,0.08233961,0.008942355,-0.0753356,-1.5262582,0.1832293,0.007732404,-0.21472815,-0.04839891
-0.010716395,0.25807485,0.06227052,-0.006569357,0.042183384,0.122788444,-0.003772443,0.020678435,0.9081093,0.051043227,0.015138228,-0.074293405,0.110715166
0.1960704,0.009028667,0.034794804,-0.004228491,-0.058218963,0.22615881,0.03364713,-0.12135202,-2.048209,-0.039019383,0.010869716,-0.09170286,0.07033259
-0.008993153,0.027487962,0.014802884,-0.00487382,-0.09795333,-0.21340103,0.019205645,0.055205718,-2.157502,0.22061959,0.009923292,-0.0959532,0.0722739
-0.007178784,0.14355229,0.0341447,-0.009488521,0.012837293,0.09683941,-0.008399274,0.029299926,0.85220265,0.077346586,0.013776165,0.41376835,-0.09629582
-0.05483191,0.17548265,0.004194238,0.003508811,-0.010655161,-0.0636606,-0.014065307,-0.2844369,0.9233349,0.052433763,0.016944671,-0.03922546,-0.059031077
-0.03163474,0.0836,0.049020603,0.005468141,0.039644226,0.08785104,0.042402506,-0.14589804,1.0464329,-0.16596465,0.021752564,-0.010840137,0.1062381
-0.00840462,0.15596403,0.019268852,-0.003199702,0.073179714,0.06948126,-0.003420124,0.040032208,0.9263966,0.013684064,0.018682554,0.30965778,-0.022215761
-0.035551988,-0.14885882,0.007725339,-0.012748892,-0.014935266,0.09621706,0.041603435,-0.069750674,0.7106812,-0.029259924,0.016403588,0.34575027,0.05275192
-0.011960983,0.14649965,0.038134687,-0.003791739,0.01858396,0.10232874,0.014053026,0.038740188,0.8469999,0.070307195,0.011597592,0.42062685,-0.079483934
-0.004757635,-0.13849746,0.054652307,-0.007646331,0.01080145,-0.25127622,0.040447876,0.040740672,0.90741146,-0.02373632,0.012141798,-0.06198275,0.030957727
-0.020873208,-0.16242698,-0.037541054,-0.012515497,0.042818453,-0.22382079,-0.029005514,0.013310185,0.93925834,0.035139427,0.015120028,-0.017760308,0.03898279
0.14182183,-0.059734672,-0.005862998,-0.00519955,-0.08828211,-0.144329,0.008330526,0.048106316,-2.1189935,-0.09405494,0.009761376,-0.4050587,0.07166275
-0.000797424,0.2102431,0.026524287,-0.003841353,0.056021728,0.05782907,0.024330348,0.024577074,1.0285784,0.10450989,0.029011495,-0.026436737,0.1057069
-0.010892531,0.20791174,0.050373547,-0.003355329,-0.025469255,-0.007451735,0.003704277,0.021566747,0.90730715,0.057872005,0.020937592,-0.085751586,-0.0634406
0.05523561,-0.0717434,0.017971903,-0.000689107,0.06151575,-0.15794384,0.047496326,0.0517164,0.7879164,0.00542055,0.014118545,0.26166388,0.013135747
0.049411163,0.07936362,0.017063148,-0.003442468,-0.04396545,0.1590896,0.040659346,0.011163798,-1.8229394,0.14460282,0.010301292,-0.18773702,-0.08178338
0.00779793,-0.031980906,-0.027063137,-0.004659057,0.0880951,0.079746194,0.060147885,-0.00402039,0.9356001,0.06566219,0.019856347,-0.075270265,-0.07735831
-0.002887192,0.17153914,-0.08064322,-0.013185762,0.09468208,0.053077433,0.02030066,0.008591011,0.8958193,-0.015292216,0.020108597,-0.0677617,0.104319155
0.23789628,-0.16062538,0.015190224,0.000133129,-0.018390637,0.14994934,-0.012632947,0.04126689,-1.8110859,-0.019731829,0.009284635,-0.5675316,0.10004311
-0.020732474,-0.035782553,-0.014201712,-0.005237736,0.024049504,-0.08107966,0.017417641,0.04480016,-2.1451907,0.09346846,0.011006273,-0.044219594,-0.043151367
0.20114525,-0.089896254,0.01172542,0.004965029,-0.107521355,0.018940505,-0.02726196,-0.19685487,1.0237182,0.009249277,0.018142415,0.022022935,0.12474863
-0.015020301,0.11371023,0.046453945,-0.002427851,0.08481485,-0.018353162,0.045485243,0.028180324,1.019122,0.06127078,0.020338204,-0.07827695,-0.043534502
-0.032823615,-0.07590689,0.05909721,0.001085183,-0.00229319,-0.10385332,-0.010320441,0.04945668,0.8336553,0.03800759,0.013421962,0.32788193,0.000925113
-0.031837817,0.007652322,0.04509371,0.00629131,0.00680739,0.009576898,0.07670669,0.012192762,0.81736904,0.0786371,-0.6545064,-0.13943724,-0.07247254
0.012119427,0.10478971,-0.008195263,-0.005036326,-0.008693749,0.09077251,0.005458778,0.01427458,-1.975929,0.13249016,0.008319794,-0.1818142,-0.08939521
-0.027104765,0.011630094,-0.04872249,-0.008304092,-0.14160906,0.114103794,-0.020677634,0.026136708,-1.8289772,-0.04525546,0.013753323,-0.11604055,0.03369059
-0.023798158,0.21532446,0.039620444,-0.0028153,-0.011883736,-0.052070323,0.002629316,0.020144772,0.9749069,0.020445576,0.020548642,-0.07279704,-0.07235644
-0.01107644,0.025014823,0.016880773,-0.00282312,0.06269106,-0.008214735,0.012958029,0.05014395,1.0585486,0.084328614,0.02176864,-0.01044435,-0.046857014
-0.002988588,0.22625941,0.045990475,-0.011058706,0.06739278,-0.13648607,-0.01162662,0.045227148,1.0149959,-0.06333921,0.025993574,-0.013437775,0.047501046
-0.012488266,0.088974096,0.013303638,-0.003925328,0.06129181,0.027618561,0.014678592,0.020287693,1.0103627,0.07506153,0.015048953,-0.08393513,-0.11822591
-0.032282438,-0.3805513,-0.02497179,-0.013712491,-0.07789512,0.012720283,0.00244284,0.002888735,0.8622257,-0.07036203,0.025428377,-0.08158009,-0.10051445
-0.06928198,-0.14766076,-0.001718579,-0.002234226,-0.048215244,-0.051984444,0.009339757,0.037051257,-1.9940501,-0.22384779,0.008519752,-0.56174743,0.1124658
0.09768334,-0.065489985,-0.054350343,0.01523331,0.07422991,-0.05738417,0.004131663,-0.22512421,1.0092639,0.016854845,0.015046129,-0.005067184,0.07414582
-0.02967699,0.01763098,0.003310977,-0.005597228,-0.06741072,0.22459413,0.022864524,-0.071074486,-2.1263316,-0.1572708,0.010459795,-0.10133178,0.06781408
-0.011700428,-0.049861964,0.003098907,-0.01647496,0.04623195,0.15188085,-0.028490823,-0.068474084,0.7774353,-0.025063233,0.008987499,0.2953564,0.041029893
-0.023049813,-0.11007705,0.027834328,0.06363573,0.092775844,0.008291245,-0.007332885,0.006974889,0.9575145,-0.006459927,0.026968354,-0.08607371,-0.08081803
-0.007071259,-0.016527034,0.049160387,-0.011132921,0.007633543,0.09832361,-0.01877736,0.027203623,0.9147696,0.07106328,0.016917383,0.3923625,-0.065389544
-0.021319399,-0.051627938,-0.012209438,-0.012607237,0.05470721,0.02195307,0.005268013,-0.033623427,0.9642977,-0.18774077,0.019173646,-0.039020404,-0.06851452
-0.025675418,0.06628402,0.04049466,0.001892106,-0.122678384,0.001300354,0.022966374,-0.15974028,1.1533563,0.015868627,0.021730741,0.015811834,0.12132359
0.15302481,0.051075816,-0.09907724,-0.009465386,0.17687815,0.11079566,0.020579368,0.004800614,0.7852668,0.046017747,-0.5138937,0.45827472,0.023538541
-0.008987609,-0.08894533,-0.017179804,-0.006404281,0.032904647,-0.08574079,-0.00918972,0.050507188,-2.1722646,0.10586701,0.011856864,-0.028927144,0.038135774
-0.03362025,0.18859304,-0.007058233,-0.005917157,0.006940877,-0.119668625,0.018926559,-0.20232537,0.90867,-0.10247292,0.02030252,-0.76535195,0.17708777
0.07633865,0.02052009,0.004249874,0.009578914,0.04790431,-0.106373265,-0.004403876,0.041251227,0.7907908,0.12782352,0.01520658,0.28170553,0.006190128
-0.020238543,-0.025042154,0.08958275,-0.00652863,0.03502412,0.093684226,0.020191388,0.010487413,1.0341713,-0.25229597,0.021652158,-0.043429952,0.12371926
-0.030235697,0.019908292,0.005097932,-0.007688809,-0.07701182,0.19060794,0.003845973,0.02100517,-2.0764148,-0.15606633,0.01048602,-0.17658263,-0.094268724
-0.02919267,0.08926413,0.09574838,-0.003347107,0.07937411,0.16800499,-0.036010034,-0.032906365,-1.7410812,-0.0969505,0.009742519,-0.61931014,0.09917536
-0.013302532,-0.061065894,-0.07512909,-0.01716038,0.043221932,0.09340169,-0.00843345,-0.000557556,0.7281307,-0.001087873,0.009079005,0.29264915,0.010066483
0.26759017,0.04803521,0.08146264,-0.008088245,0.08417164,0.08349061,0.03392965,0.019969238,0.82008034,0.023716895,0.018344346,0.4095634,-0.00318827
-0.047032095,0.08674321,0.04972321,-0.005934676,0.06516206,0.11135249,0.014963787,-0.16448244,0.9349967,0.060280714,0.015053665,-0.07639932,-0.113726385
-0.031060282,0.15877593,-0.076601416,0.09420573,0.058515806,0.10922485,-0.028137948,0.009392278,0.8466099,0.000276706,0.010274921,0.3677683,-0.06380451
-0.026577776,0.03252702,-0.07289516,-0.000328103,0.08444457,0.05220575,0.03965129,0.0061986,0.8277452,0.044860143,0.016341826,0.3322608,0.005427866
0.034600317,-0.038123716,0.020214492,-0.005013655,-0.05760839,0.18486007,0.009941988,-0.012168634,-1.707076,-0.19814454,0.008637257,-0.17182758,-0.07261413
0.083771534,-0.006849249,0.10329815,-0.00270749,-0.12596016,-0.16682592,-0.039571043,-0.088593066,-2.1201162,-0.05917097,0.011528488,-0.047182675,0.054222852
-0.025234355,0.033671767,0.06914018,0.010629436,-0.021455672,0.06890786,-0.002105773,0.028400024,0.82025087,0.09089089,0.015858646,0.3871728,-0.030755848
-0.037680205,0.04638827,0.08518054,-0.004990364,0.05074747,-0.1348652,-0.004077985,-0.12668,-1.9808526,0.090106264,0.012629503,-0.09322391,-0.042975016
0.030467056,0.13143943,0.033535592,-0.00547865,0.014007044,-0.14989232,0.02568736,0.039859522,1.0768543,0.08417018,0.01868295,-0.033060115,0.10519633
-0.03817024,-0.006849237,-0.010125065,-0.006471697,-0.10297355,-0.10245546,-0.010338091,0.035865627,-2.1798167,-0.13976549,0.011026975,-0.07411595,0.04340839
-0.014122971,0.22913459,0.049466755,-0.005888116,0.070576,0.08047909,0.012056133,0.023571992,1.0900092,0.020672023,0.026294492,-0.024557753,0.082514234
-0.006630701,0.097217865,0.02621423,0.003149519,0.06322995,-0.022120899,0.002686445,0.022604633,1.0520958,0.0912433,0.026843155,-0.06819712,-0.08533058
-0.001698035,0.22052264,0.04645433,-0.010405065,0.05543397,0.08027966,0.006172156,0.023386594,0.9931309,-0.004305403,0.027832346,-0.033044223,0.08871394
0.073353805,-0.03295668,0.007043778,0.017560307,0.10519281,0.018406928,0.02243356,0.03927031,1.0862889,0.09562047,0.01720126,-0.034713455,-0.016318234
-0.015010159,0.06367449,-0.007702,-0.003325677,0.17190662,-0.055455297,-0.047840916,0.0468614,-1.9961451,0.12830237,0.00715298,-0.10608329,0.05091987
-0.018431803,-0.09910321,0.050162103,-0.010870569,0.04048178,0.09121934,0.018064935,0.029749408,0.7698175,-0.025582891,0.018553352,0.37106973,0.007051304
-0.010069175,-0.10600767,-0.09790788,-0.012187204,0.043131527,-0.23310016,0.02280638,0.031772166,0.7048525,0.02596532,0.007443759,0.3437237,-0.012115727
-0.03171949,-0.02431878,-0.09897601,-0.009312071,-0.23960556,0.1337747,0.020588301,-0.01367294,0.67198133,-0.22556709,-0.5947823,0.56418616,-0.09294254
-0.035287425,-0.07554761,-0.14222805,-0.002853202,-0.1663911,-0.009589291,0.017567683,-0.012525111,0.92710483,-0.26303512,0.025819108,-0.052526116,0.1025613
0.1349704,0.111831225,-0.009433548,0.001202975,0.022841085,-0.1358533,0.07472515,0.04017361,-1.9937373,-0.07151823,0.008381503,-0.36928147,0.072655626
-0.031169672,-0.028793823,-0.025651297,-0.004453647,0.011925211,0.103568755,-0.014381656,0.028075298,-2.1379929,-0.097992554,0.01220448,-0.1017951,-0.053382732
-0.034121513,-0.085454464,-0.011551495,-0.006286476,-0.15618938,0.08102042,-0.020163592,0.030696467,1.0926008,0.03207555,0.028034639,-0.001251903,-0.094663285
-0.008470708,-0.005496043,0.013993138,-0.004102636,0.1147252,0.18350711,0.035108484,0.018857244,-1.7717804,0.21016808,0.009199761,-0.120261826,-0.061460983
-0.021959735,0.28057626,0.06517598,0.023750717,-0.061564427,0.2233888,0.014872214,0.018151328,-1.5383472,-0.09209981,-0.22626898,0.90557855,0.021181935
0.24873818,-0.08871858,0.029996388,-0.003808342,-0.1356921,-0.12184245,0.03481164,0.048218668,-2.136816,0.008317059,0.01087613,-0.08845019,-0.08587133
0.13477068,0.007869335,-0.021419767,-0.003533178,0.095986485,-0.19813685,-0.10970249,-0.14467415,-2.3197386,-0.06101916,0.010582662,-0.067358114,0.001376907
0.11256257,0.18776998,-0.02880083,-0.011456385,-0.08616315,-0.32370397,0.014045481,-0.26054978,-1.9001801,-0.10609843,0.006948047,0.6802664,-0.01273756
-0.007319276,0.17248484,0.016746892,-0.0007615,0.08164478,-0.011561275,0.003299929,0.023276838,1.0245059,0.07781569,0.021991894,-0.039787486,0.0812991
-0.032609597,-0.3049983,0.020762762,-0.006379199,-0.101305015,-0.02006385,-0.000179909,0.014920576,0.853266,-0.004034736,0.016625028,-0.13760929,-0.06540171
-0.012920933,0.1749386,0.00124052,-0.006914341,-0.016075568,0.24546254,-0.018151917,0.022484768,-1.9307626,0.18911286,0.011650271,-0.14374658,-0.089743905
-0.037037242,0.23413263,0.012561174,-0.004489657,-0.079681635,0.117603496,0.020107724,0.01574175,-1.8733556,-0.18146504,0.013234111,-0.09545618,-0.10189678
-0.031978272,0.25377768,0.007297152,-0.000673847,0.098575905,0.06795366,-0.00510813,-0.22175659,1.1190724,0.12177481,0.018937241,0.047280088,0.10610772
-0.0341046,-0.12447597,0.041182704,-0.004522943,-0.16094147,-0.011295266,0.006437698,0.040507473,1.1048638,-0.01921271,0.025247235,-0.039565038,0.085536435
-0.007929977,0.015506309,0.029902078,-0.011174821,-0.12787618,0.000509722,-0.1378007,0.055163912,1.0392022,-0.07455829,0.024704019,-0.002866727,0.044941455
0.010857541,-0.09205396,-0.010951079,-0.007900322,0.0453458,0.064355776,-0.025413526,0.005916951,0.88338923,0.08787384,0.019530337,0.35855517,-0.080709614
-0.05088762,-0.18590266,-0.017953316,0.000869673,-0.003159794,-0.10538189,0.01717441,-0.1617039,-2.1288888,-0.11034526,0.006004797,-0.6677069,0.084770724
-0.008376156,0.04654278,-0.08901542,-0.000218199,-0.025768805,0.15008906,0.014752295,0.02399259,0.95719934,0.15076202,0.02536844,-0.040406413,0.11470872
-0.010416689,0.056140073,0.07990943,-0.00431107,0.011184515,0.10624944,0.061186936,-0.06624502,-1.9330769,0.001474666,0.013459136,-0.09339321,0.08273588
-0.026120992,0.050074212,0.007784755,0.005070433,0.068143025,0.06774682,-0.015707185,0.020063419,-1.7439333,0.13583629,0.007496511,-0.55647606,0.055808116
-0.020004012,-0.26208088,0.012967695,-0.04632195,0.09441002,-0.035832115,-0.024213191,0.041441027,1.0308309,0.039474074,0.022135789,-0.083764985,-0.08676023
-0.013189968,-0.021377737,-0.1068071,-0.010644131,0.037514918,0.015354356,0.04869467,0.005345431,0.7876341,-0.005064705,0.017364481,0.28420857,0.005431557
-0.021823086,-0.028509825,0.00373875,0.002393783,-0.16776772,-0.018341763,-0.02805594,-0.17490828,1.0320388,0.033354532,0.025496246,0.013676483,0.01592868
-0.02515679,-0.013858016,0.04086581,-0.003807615,0.0792472,0.09104902,0.039665908,0.032747664,1.085051,0.029702907,0.021697784,-0.04350375,-0.052426614
-0.006906532,-0.16947997,0.02825336,-0.016282646,0.02547062,-0.19709598,-0.016068632,0.051112358,0.86021554,0.10484572,0.010837553,0.25655755,0.017691184
0.03730026,0.09728758,0.07003362,-0.005229278,-0.117479645,0.18194097,0.058121704,-0.13521318,-1.923578,-0.06361913,0.013340936,-0.14798734,-0.05850756
-0.053970624,-0.18887864,-0.03864658,-0.002824215,0.03777639,0.006980494,0.03887862,0.05185036,-2.0842743,-0.060480066,0.006917777,-0.49426687,0.081803724
-0.008980894,0.09385205,0.024787594,0.004916584,0.07126906,0.15371017,0.026457261,0.23459357,1.1116834,0.066862166,0.027739106,-0.051678076,-0.02091376
-0.011683495,0.040824395,0.012355486,-0.004418413,0.15522638,0.056399807,-0.018959314,0.014298809,-1.765025,0.09393219,-0.20921113,-0.1741717,0.060667295
-0.03295951,0.005839647,-0.007997144,0.000583065,0.035203267,0.047049638,0.07164811,-0.13589051,0.85206014,0.048739925,0.018143361,-0.97130454,0.26598993
-0.037407253,-0.25701773,-0.008818142,-0.002654972,0.08938015,0.07306515,0.005286709,-0.23191394,0.9227526,-0.0552026,0.024875777,-0.094851114,-0.114101656
-0.015528692,-0.23681645,0.002544406,-0.001657904,0.094915956,-0.04292564,0.014700862,0.024595773,1.0427285,0.087593466,0.030077694,-0.061268225,-0.09365498
0.2837422,-0.2213764,0.009380563,-0.000493659,-0.11465533,0.13669784,-0.09140665,0.038066443,-2.0549743,0.011512542,0.01168947,-0.14334606,-0.078270435
-0.015125434,-0.03621963,0.040778507,-0.002416329,0.016070478,0.12337431,0.009657775,0.032549255,0.93882936,0.061552104,0.015163957,0.29556113,0.06662598
0.01300812,-0.13272887,0.018460235,0.000814774,0.07556454,0.062198825,0.03171265,0.15939991,1.0286682,-0.010532388,0.024430368,-0.08739938,0.027208194
-0.006256667,0.039682362,0.039307095,-0.009103079,0.0276523,0.089942716,-0.038116496,0.028768277,0.9793316,-2.20E-05,0.02061121,-0.0833744,-0.10713514
0.026585488,-0.034867413,0.012039293,-0.003955413,-0.012564817,0.13653523,-0.026263546,0.01532672,-1.9586214,0.11282207,0.012481885,-0.13300891,0.051005255
-0.020632682,0.16459835,0.049520157,-0.008135933,0.101184085,-0.026496124,-0.05180059,0.007092184,1.0127888,-0.18285263,0.024702135,-0.017387453,0.06804298
-0.028139561,-0.27629954,0.081923485,0.008860554,-0.05195681,0.035589937,-0.00596152,0.03241498,0.76107913,0.07605671,0.015315334,0.4434629,-0.07974338
0.0670974,0.2091662,0.108921036,-0.001734315,-0.01887957,0.05981724,0.020323444,-0.03946138,-1.8185314,-0.01863039,0.009270279,-0.6395237,0.07217077
-0.005358859,-0.001387007,0.03096033,-0.002682196,0.04056016,0.034568872,-0.01163408,0.03201375,1.0341142,0.08424492,0.019675963,-0.05253423,0.12350053
-0.010741289,0.14774421,-0.04609302,0.05570227,-0.11732387,0.05131943,0.01815695,0.021872997,0.9677109,0.14359447,0.018594896,-0.08802923,-0.115471214
-0.027387273,0.10745255,0.04295389,0.001335891,0.10003258,-0.04260549,0.037378184,0.021637784,1.0929896,0.016620116,0.020002916,-0.06482363,-0.058681384
-0.043683197,-0.23304772,-0.015449617,-0.002071571,0.022558896,0.11165398,-0.004022765,0.020992734,-2.1945188,-0.10558189,0.009454567,-0.14523163,0.061828602
-0.018592935,-0.28667602,0.02512334,0.12171853,-0.054319356,0.035184916,-0.033463836,0.052172154,0.95830446,-0.021126999,0.016800266,-0.051251836,0.071541786
0.085414305,-0.02757298,0.00533856,0.006621264,0.085029535,-0.028412245,0.035652235,0.028387936,1.0809621,0.0930414,0.016146362,-0.028865324,0.03494345
-0.030958552,-0.04433348,0.012661189,-0.007230886,-0.13722357,-0.16701633,0.01168083,0.022513296,-2.2430863,-0.18160775,0.008791138,-0.12009654,0.07850244
-0.027782198,-0.009784486,-0.049605574,-0.005511596,-0.18411158,-0.22896963,-0.013246204,-0.1651443,-2.2593598,-0.123503305,0.009796235,-0.06927941,0.042195294
-0.01768691,0.23933291,0.06727596,0.122178756,-0.11740849,-0.004965628,-0.004584205,0.042340916,1.0991474,0.031285122,0.027120179,-0.04722849,-0.051223565
-0.008855089,0.06917435,0.006872788,-0.006432541,0.006772505,-0.13840133,-0.000194521,0.039168544,-2.1056747,0.18851008,0.010293392,-0.110852934,0.06626359
-0.007541877,0.23277538,-0.09386814,-0.014372612,0.10882919,0.08402529,0.016972719,0.012240774,0.7394608,0.000296528,0.012618957,0.3702569,0.04396327
0.05673294,0.00536849,-0.03514394,-0.003101219,-0.031010028,0.09034171,0.007147466,-0.07586563,-1.9227644,0.08524626,0.008777633,-0.11885177,0.08803113
-0.03989198,-0.048134737,0.013860446,-0.005564407,0.045929432,0.052699097,0.02588827,0.035348617,1.0588293,0.06890028,0.017609669,-0.66341853,0.18786055
-0.02833463,-0.010491049,0.011985959,-0.00567618,-0.093262695,0.21177314,-0.010259648,0.00080499,-1.827356,-0.2076725,0.010987914,-0.16447051,0.08304402
0.006110583,-0.012976373,0.014420442,-0.007284309,0.09621788,0.077170014,-0.003529699,0.03144447,1.1485248,0.076880805,0.021679142,0.022403473,0.07540152
-0.024912432,-0.180813,0.005358785,0.00135401,0.08454502,0.025375115,0.033685565,-0.16114284,1.0926303,0.044354323,0.021746412,-0.0699796,0.14512509
-0.006273933,0.05859263,0.03956957,0.001641931,0.010647377,0.03336476,-0.036339536,0.022671258,0.9690465,0.083134934,0.017863693,-0.07214427,0.12204255
-0.040658712,-0.08197409,0.046793185,-0.003552182,0.026380425,-0.23300068,-0.00288225,-0.16654225,0.8713142,-0.017733151,0.01293668,-0.0387192,-0.039552417
-0.020150539,-0.010699022,0.04062413,-0.008811807,0.07542228,-0.061867356,-0.003588251,0.032761496,1.1165324,0.017157255,0.022808699,0.005504039,0.061872587
-0.023575148,-0.003423154,-0.010484669,-0.01149984,-0.02314756,-0.16195112,0.01453314,0.047758907,-1.6604198,0.110047065,0.006305469,0.73699933,-0.03706239
-0.03664053,-0.08045952,-0.1035296,-0.003141545,-0.14862387,0.007881996,0.029038751,-0.025762437,0.88423914,-0.27602082,0.022998564,-0.035510037,0.12872808
-0.004313748,-0.08185743,0.03243866,-0.013582138,0.019512618,-0.17989157,0.013906128,0.055373207,0.96601653,0.09586635,0.017211273,0.2340415,0.072512366
-0.02052233,0.14052922,0.049304508,-0.009482755,0.063140675,0.033274114,-0.004802866,0.020906504,1.104727,-0.012156492,0.014868516,-0.050356448,0.11950963
0.05739619,-0.24276736,-0.004404211,0.003772697,-0.011326383,0.0190461,0.01610363,0.017837862,-2.0822792,0.06649445,0.007813355,-0.18526183,0.043101497
0.17042093,-0.016068907,0.07305362,-0.004821566,-0.17569456,0.18246675,0.08350667,0.029012015,-1.6811935,-0.006997946,0.012691064,-0.1452531,-0.09835702
-0.021717332,-0.057566736,0.022289129,-0.007724091,0.013950082,-0.09845536,-0.019034594,-0.11378059,-1.9563453,0.00265924,0.013484269,-0.05369402,0.02569631
-0.021642191,0.03999832,0.073589265,-0.005032535,-0.0861556,0.18703435,-0.009691908,-0.04095644,-1.8529322,-0.102109276,0.011520498,-0.10889085,0.097039714
-0.027880145,-0.13896732,-0.024528347,0.05810966,0.018321406,-0.0802431,0.036865253,0.03838101,1.021397,0.09228461,0.023595486,-0.029307246,0.0763295
-0.028467147,0.17082784,-0.01578574,-0.013414552,-0.06429934,-0.23077706,-0.016266977,0.05435047,-1.8703636,-0.13995557,0.006976338,0.71382964,0.041046515
-0.02313294,-0.068815,0.04880236,-0.006026551,0.06341543,0.12366765,0.026513457,0.027854271,1.0629426,0.003319566,0.020178223,-0.061311834,-0.09563624
-0.020922562,-0.12820978,0.011394889,-0.006818822,0.10992662,0.053813003,0.007796459,0.03751347,1.1346779,0.05134374,0.020139389,-0.010709152,0.09349894
-0.010504456,-0.08100932,-0.04787972,-0.007696073,0.06851716,0.029390022,0.03240816,0.012968598,0.96403265,0.030712666,0.016865794,-0.045976657,-0.021675052
-0.025655216,0.077916965,0.052838415,0.001191455,-0.06283966,-0.029961782,0.025601763,0.005110963,0.92736727,0.037034236,0.017550172,-0.10107382,-0.052067786
-0.026546443,-0.13005786,-0.007507836,-0.000858653,0.09747267,0.032254905,0.02685159,-0.17424938,1.121077,0.07594401,0.018498143,-0.000662442,0.12120425
-0.01349213,0.12639552,0.03373628,0.005316451,0.06820344,-0.05228276,0.003254262,0.048775576,1.0841546,0.10357831,0.021037247,-0.001708696,0.048504576
-0.008304176,-0.001845024,0.058685053,-0.006385014,0.08950093,0.14424475,0.009954756,0.029727198,0.8786645,0.044824496,0.018512005,0.40998262,-0.08872798
0.003871863,0.31556022,0.049124286,-0.015978223,0.13499267,0.06960701,-0.015439893,0.022708418,0.76105833,-0.005566975,0.010989972,0.35328957,0.040600963
-0.016814025,-0.20328398,0.023934426,0.004787213,0.0824721,-0.014665434,-0.019152502,0.0356087,1.0605595,0.09096825,0.022052057,-0.07465954,0.09506091
0.17729601,0.19720694,-0.063804425,-0.011337486,0.11308105,0.1094414,0.07996535,0.003623692,0.9281385,-0.016859993,0.028776538,-0.034086484,0.06529694
0.040765077,0.14837854,-0.097941756,-0.009832908,-0.17831178,0.03703998,0.032673962,-0.07467762,1.0180235,-0.0701898,0.018327717,-0.07613338,0.15149936
0.004946418,-0.037528574,0.024589164,0.04556751,-0.13376144,-0.11054134,0.03519745,0.07328257,1.039016,0.0679781,0.023766948,-0.01287436,0.14864519
-0.0247363,-0.3872294,0.018585362,0.038606603,-0.004743569,0.06236889,-0.06998933,0.022087207,-1.8626755,0.1604097,0.010241814,0.47622812,-0.002741938
0.051694073,-0.16860574,0.05678,0.004847645,0.06999185,0.040920764,0.030815667,0.023473259,0.80280817,-0.029422017,0.015680082,0.3730681,0.020103654
-0.017686157,0.122351125,0.04006512,0.010670292,-0.042568974,0.1008117,-0.012503881,0.029769478,0.98199505,0.06816765,0.02127088,-0.074259624,-0.06637277
-0.015596927,0.1847007,0.06507461,-0.007035367,-0.20615688,0.002271087,0.03969323,0.014581431,1.0097682,-0.0639678,0.025656514,-0.052285813,0.11831047
-0.015932761,-0.10971096,0.011485245,-0.001889789,0.08234731,-0.060345385,0.007877682,0.054145683,1.0542165,0.06588778,0.017636038,0.005678333,0.11016602
0.065169185,-0.044250954,0.012745669,0.008780712,-0.06544815,0.010613664,0.0851748,0.027951904,1.0940055,0.064785086,0.018148288,-0.015853772,0.06098282
-0.002939375,-0.12985535,0.030266631,-0.009646467,0.021269348,0.03722099,0.004259219,0.019972473,0.93132085,0.09769243,0.017158419,-0.035360783,0.073625326
-0.043569785,0.007718801,-0.006782065,0.001134373,0.006453211,0.15383787,-0.009599711,0.035286255,-1.902424,-0.111140616,0.009614134,0.70267314,0.000366137
-0.03661316,-0.25359753,-0.033994462,-0.001676764,0.04671772,-0.13181989,-0.038267825,-0.18834744,-2.2237303,-0.021336893,0.00769145,-0.089245826,0.051994942
-0.009976146,0.10331937,0.026771292,0.10489985,0.024999818,-0.13491942,0.004486331,0.058642417,0.89593357,0.07099926,0.015074948,0.3918265,-0.08930663
-0.001913398,0.18096003,0.02512454,-0.00519532,0.12622339,0.0572876,-0.019723509,0.017084505,-1.8003466,0.13231109,0.011041203,-0.09619867,0.028426498
-0.017213397,0.04416403,-0.06862152,0.07588213,0.072593234,0.0630177,0.04501251,0.008869159,0.86877817,0.07658003,0.018219452,0.3786955,-0.07888807
0.07427945,-0.019433212,-0.021674767,-0.000927312,0.029851345,-0.10875192,0.022389906,0.023551075,-2.055718,0.10350068,0.008141869,-0.13842589,0.026293507
-0.035397045,0.1215376,0.12527749,0.000230095,-0.10004683,0.12907481,0.01684816,0.01842993,1.030865,-0.22848026,0.025760377,-0.041612655,-0.091190696
0.010300729,-0.0695945,-0.046279255,-0.006771477,0.054624952,0.08083776,0.05603751,-0.005072668,0.7563674,0.037559707,0.008189765,0.35481748,-0.020598913
-0.05440086,-0.04174775,0.009330078,-0.000429126,-0.021207614,0.08955105,0.051630147,0.013668989,-1.8518323,-0.19562829,0.010241885,-0.17734928,-0.111616135
0.08068127,0.008038463,0.03801767,0.000600948,0.113814995,0.108398885,-0.12206263,0.029567663,0.85178316,0.01426248,0.018850079,0.26439232,-0.025994124
-0.01203349,0.042454395,0.07234485,-0.007361468,0.016998956,0.097134374,-0.029844847,0.021213388,-2.055112,-0.08160439,0.010588641,-0.13874987,0.062375236
-0.008131059,0.13159756,0.07606023,0.11620812,0.04907549,0.07542037,0.073811516,0.027818257,0.90394706,0.050200306,0.020093089,0.2696909,0.032927822
-0.053266756,-0.028209815,0.0267615,-0.002702851,0.031234426,0.10839757,-0.03940921,0.030149871,1.0165757,-0.008557762,0.0249961,-0.039095957,0.07418865
-0.03177725,-0.058103185,-0.097988315,0.002908803,-0.008183701,0.023600288,0.07346876,-0.005340976,0.6831417,0.04708565,-0.45869663,0.49831074,-0.00660953
0.057320066,-0.021869624,0.045058917,-0.002492908,-0.06443993,0.18471514,0.04186344,0.010326266,-1.8656528,-0.06950304,0.010946805,-0.13981758,-0.090942785
-0.000211764,-0.04306396,0.041293062,-0.016608452,0.04264888,0.07167238,-0.011172041,0.013000311,0.9056925,-0.002072759,0.014656951,-0.060129732,0.061381176
-0.04439854,-0.016312182,-0.018852139,-0.007416949,0.054553032,-0.037402667,-0.020415284,0.029821308,-2.1235502,-0.12443152,0.009664947,-0.15337308,-0.05840346
0.1021267,0.13366507,-0.10844888,-0.010025681,-0.20343658,0.22204006,0.039980277,0.13160436,1.0627888,-0.084244356,0.019643486,-0.06989303,0.06569549
0.045096368,0.055279046,0.014860335,-0.011850177,0.09428292,0.06740343,0.014141509,0.04394953,1.121605,0.07147416,0.015019205,0.004939449,0.018983383
-0.022582758,0.22050716,0.037144147,-0.006848226,0.09627536,-0.052425504,0.029048307,0.02429818,1.0564766,0.01787031,0.022016259,-0.05881409,-0.06813465
-0.020379052,-0.10723642,-0.074115634,-0.011228552,0.021010332,0.024914555,0.017792482,0.000543849,0.834338,0.026663681,0.020061951,0.34713024,-0.022680849
-0.010553632,0.059965733,-0.003825361,-0.007123191,0.022406278,-0.043236855,-0.001256602,0.058686215,-2.1236246,0.17075714,0.009201761,-0.078111134,0.054833688
-0.056314435,-0.18357356,-0.03404119,-0.00304587,-0.070116855,-0.084896915,-0.05379828,0.042869102,-2.1328504,-0.1604922,0.008577926,-0.5469577,0.093105406
-0.008016187,-0.12878643,0.038691238,-0.012197666,0.05351755,0.02459286,-0.06782995,0.02387602,0.91682833,0.019818265,0.0202382,0.3426388,0.005625167
0.15980391,0.027556734,-0.04386722,-0.016707202,0.09711557,0.05236452,0.018869687,0.007853893,0.7276897,-0.016794106,0.010416251,0.3813766,0.034811612
-0.027287852,0.034246854,-0.018441102,-0.006886532,-0.17386876,-0.20816799,-0.006547398,-0.10870728,-2.18847,-0.13512534,0.007702347,-0.10213406,0.06107768
-0.03378576,0.116548516,0.11525832,-0.003322984,-0.092997916,-0.082717635,0.020040829,0.022013383,1.0667052,-0.2281119,0.022823421,0.014378557,0.07231762
-0.035885166,0.07974356,-0.067923,-0.010129708,0.056387283,-0.058580317,0.12949538,0.03937317,-1.9696387,-0.06308944,0.007165739,-0.62806594,-0.0854379
-0.01627152,-0.024561556,-0.065782845,-0.015522038,0.04197938,0.08375499,-0.015366061,-0.001679331,0.7190076,0.032258112,0.010570319,0.3496272,-0.030585127
-0.011889398,-0.11311796,0.0320636,-0.007704652,0.054722924,0.06060876,0.05495082,0.02205166,0.9887287,0.003019553,0.01431395,-0.063720986,-0.031147014
0.23703581,0.14114161,-0.0781654,0.08237641,0.0921631,0.08981561,0.071627,0.011916834,0.8856512,0.021324875,0.021972544,0.36113355,-0.013279054
-0.03145733,-0.19515581,-0.05161428,-0.004188419,0.10255337,0.08001844,-0.002953981,0.012054346,0.8783094,0.10535587,0.025001217,0.3231714,-0.07084223
0.11884728,0.155001,-0.039378297,-0.011997498,0.023670968,0.12869465,0.013242003,0.008504882,0.7882636,-0.037040785,0.013268677,0.41792154,0.001015607
-0.01343337,-0.05485168,0.06947332,0.10243183,-0.13780268,0.025134549,0.011897082,0.020154297,1.0296546,-0.026401922,0.022859516,-0.10178634,-0.12254126
0.0732306,-0.15433787,-0.016769521,0.00163575,0.046212737,-0.08232719,0.0585582,0.04057817,-2.3010747,-0.038680054,0.006370931,-0.09400075,0.03160356
-0.0327425,-0.05982271,-0.012733357,-0.002330128,0.09622689,0.08545162,0.036053516,-0.23495445,1.0553503,0.042073783,0.025475685,-0.039579906,-0.085773095
0.032320146,-0.16204345,0.050560318,-0.004141677,-0.09886491,-0.13889746,0.044206277,0.023212079,1.0613446,0.006207372,0.018041763,-0.03907924,0.08920024
-0.000610629,-0.03673794,-0.014096542,-0.010226072,0.07850403,0.04871901,-0.004283986,0.009854872,1.0150743,0.14071305,0.019381639,-0.016250301,0.08206869
-0.010710322,0.27833104,0.027764782,-0.01129017,0.12888794,0.06747607,-0.01310353,0.030973585,1.1271205,0.053109538,0.026338149,0.019547898,-0.08537859
0.032235425,0.15131262,-0.004415408,-0.006707198,0.022950044,0.32760775,0.047501087,0.004696339,-1.8046367,0.13794613,0.009598846,-0.15720728,0.05656383
-0.02612757,0.1887306,0.037615247,-0.009538481,0.013343444,-0.1755329,0.022922926,0.038296416,-1.6670476,0.1401947,0.006920682,0.7164981,0.031964812
0.001235402,0.09733755,-0.027667938,-0.010952266,0.005423633,-0.2688063,-0.004254809,-0.08069314,-1.6225046,-0.16564664,0.005211446,0.68130493,0.074018985
-0.017216368,0.016347,-0.09019395,-0.008183628,0.014835222,0.021012692,0.021934591,0.004421013,0.7665091,0.037005026,0.018839644,0.37134355,-0.022972193
-0.03611716,-0.26116496,-0.008047249,-0.010584226,-0.12852281,-0.28580156,0.000180682,0.04377032,-1.8674812,-0.18750024,0.010812815,0.3621325,-0.12543385
-0.001266296,0.0473008,-0.0478624,-0.004391114,0.0674506,0.0828192,0.04175509,0.011728688,0.9338911,0.13302177,0.026501035,-0.045990203,0.13479643
-0.010802787,-0.07149201,-0.061938018,-0.002961119,-0.11709125,0.02927505,0.033142135,0.020345103,0.94268364,0.14435644,0.023263322,-0.08489791,-0.10796931
-0.021671347,0.0351881,-0.057934675,-0.001703517,0.100588396,-0.016294261,0.001909836,0.006060952,1.0406857,0.004126288,0.024108797,-0.037604876,0.07931694
-0.02383806,-0.14292206,0.027063346,0.08482662,-0.015400773,-0.064350955,0.04423732,0.042663183,1.0158277,0.059725113,0.019112896,-0.053658556,0.06519321
-0.003996618,0.067503825,0.052889064,-0.007702567,0.052682944,0.01017747,0.006378421,0.02291281,1.0299177,-0.000278947,0.023964727,-0.050943162,0.07290872
-0.014821466,0.053101055,0.062346525,-0.011343907,0.08139819,0.09240158,-0.00949386,0.02006838,0.8779728,0.07794671,0.016203536,0.41456884,-0.07319884
-0.031279333,-0.08129759,-0.04729154,-0.004689446,-0.18872958,0.12353003,0.004388276,0.008127226,1.0325803,-0.12647577,0.025908653,0.001783423,0.08849156
-0.043922048,-0.030633137,-0.001902889,-0.005018857,0.011485639,0.1668351,0.004273208,0.025351439,-1.9288692,-0.10367355,0.009178574,-0.6258136,0.11795461
-0.012268476,-0.001708519,-0.042552955,-0.010700075,-0.17173718,0.15904833,-0.021283302,0.020243006,1.0796453,-0.00130391,0.017417584,-0.021951083,0.06592533
-0.006776351,0.11266897,-0.058515802,-0.010862206,0.083011396,0.08815113,0.031902242,0.000542869,0.9125152,0.05956939,0.024384072,-0.050147224,0.11834028
-0.0331425,-0.099228926,0.063490205,-0.002228407,-0.11590999,-0.19630317,0.033423964,-0.12939054,1.0132098,-0.17689642,0.02020084,-0.014845381,0.16054675
-0.023095101,-0.15010962,0.020951463,-0.003666488,0.13409245,0.057930406,0.032131344,0.223809,1.131829,0.048217777,0.022891266,-0.07800403,0.007609107
-0.004133649,0.09178156,0.07274338,-0.012003084,0.09957738,0.07913872,0.018018011,0.022906933,0.8823124,0.053542186,0.014861069,0.3425339,0.058478557
-0.021335116,-0.105596706,-0.02629527,-0.006487073,0.050756227,-0.16876182,-0.001584902,-0.3042059,0.9886825,0.065747276,0.018073933,-0.010083786,-0.07472919
-0.035964917,-0.006685056,-0.002204047,-0.005904653,-0.10216386,-0.11640021,0.016071934,0.03145304,-2.1648297,-0.11960956,0.011331666,-0.035406023,0.06373498
-0.03416079,-0.22083224,0.021211289,-0.000488899,0.015696175,0.119329736,-0.0903053,-0.1239399,-1.7446859,0.08319217,0.007762054,0.6984042,0.03385376
-0.031754196,0.16910812,0.005187945,-0.001863875,0.02230591,0.039679088,-0.05690319,-0.19446026,0.8928811,0.021743802,0.018950164,-0.045599733,0.09975714
-0.013122849,0.1309263,0.037750237,0.002915695,0.003396551,0.10603992,0.027628712,0.021310097,0.98813164,0.09418951,0.026472267,-0.07083671,-0.09159632
-0.005513501,0.11150501,-0.050004102,-0.006174277,-0.21316572,0.049326617,-0.002924522,0.022397425,0.97799873,0.12838387,0.02534094,-0.08598827,-0.11566807
0.14231075,-0.13349926,0.026585089,-0.015439695,0.15129568,0.062483415,0.018321533,0.003864527,-1.707229,0.070317395,0.010066104,-0.23351398,-0.04823056
-0.007653989,-0.03423153,0.006909275,-0.004853616,-0.054612417,-0.14739086,0.08066071,0.033763103,-2.0530362,0.11565913,0.010812528,-0.08578777,-0.041393057
-0.03834843,0.04067491,-0.028000467,-0.004504633,0.06743273,-0.08893388,-0.014622657,0.038193677,-2.2818568,-0.10338304,0.011441888,-0.074094035,-0.0435127
-0.023210304,0.020762054,0.0345984,-0.010793822,0.08660618,-0.024964273,-0.022127392,0.0315328,1.1028328,0.018799892,0.0247568,-0.014996531,-0.05549857
0.000513563,0.007992026,0.034458272,-0.002517439,0.028205117,0.105703294,0.018368911,0.032400154,1.0458041,0.09420301,0.02516575,-0.03543306,0.13412558
-0.021561978,0.107091665,0.003597103,-0.009885475,0.10847126,0.088744126,0.003191401,-0.11655881,0.8654838,0.02972702,0.020589212,-0.08826627,-0.12322519
-0.018033318,-0.18424557,0.025167644,-0.009228281,0.058234807,0.07740386,0.007480424,0.028499536,0.9813288,-0.053129572,0.023674473,-0.07802232,0.0672505
0.1651157,0.37669304,-0.01475448,0.000450487,0.017890844,-0.11119691,0.044588145,-0.12071107,-1.4017688,0.20338951,0.00731425,0.8815472,-0.019742316
0.006110583,-0.012976373,0.014420442,-0.007284309,0.09621788,0.077170014,-0.003529699,0.03144447,1.1485248,0.076880805,0.021679142,0.022403473,0.07540152
-0.009729618,0.024392864,0.02239765,-0.007147608,0.090335906,-0.022184374,0.006956704,0.027371345,1.1515546,0.06648272,0.013213386,0.00086989,0.10496175
-0.015744962,-0.2139592,-0.010794413,0.013426523,0.09486444,0.058278717,0.031474754,0.02272168,1.0584824,0.10933645,0.03138925,-0.05176499,0.10707818
-0.04292618,0.023844492,-0.041506816,-0.007910541,-0.11566975,-0.12818156,0.027816107,0.02862727,-2.1239142,-0.16851452,0.007882021,-0.5320281,0.104171835
-0.028076755,-0.14813063,-0.06912849,0.04970236,0.0844305,0.030938325,0.10482603,0.001334673,0.82269394,0.07141513,-0.4897276,0.4727448,-0.010542101
-0.022701057,-0.24584964,-0.07141679,0.09117286,0.079937704,0.06376003,0.032742374,0.017464232,0.865557,-0.021013075,0.021939214,0.32729894,0.08040689
-0.007190277,0.047349263,0.009502685,-0.008085517,0.2648889,0.1738932,0.031017613,-0.0767291,-1.8012228,0.1101651,0.011147158,-0.08263485,0.087387934
-0.045331284,-0.050364673,-0.05896564,-0.005009936,-0.20119083,0.009864523,-0.07326804,0.011363834,0.9591639,0.040372256,0.027283616,-0.07682722,0.07865087
0.14492673,0.055267006,-0.030055884,-0.007973853,0.15324762,0.28401855,-0.005392037,0.21416384,0.92541075,0.038354516,0.018737746,0.3808885,0.055301994
0.0780494,-0.05032882,-0.008203778,0.010267707,0.08269279,-0.024637092,-0.002970165,0.035173018,1.0232874,0.10317278,0.017771991,-0.045872863,0.043417178
-0.01993859,-0.08615245,0.036525704,-0.011305122,0.06030086,0.06941914,-0.002338724,0.019990453,0.73126626,0.003222827,0.018464446,0.4854894,-0.03276469
0.24113443,0.20071797,-0.071232334,-0.012998381,0.13444868,0.14106259,0.012975436,0.004486362,0.74975723,0.013443953,0.011761966,0.44325256,-0.03681743
-0.023883015,-0.09038483,0.073975675,-0.010068174,0.052718528,0.009244316,0.000735067,0.007918102,0.99569494,-0.25785264,0.021114144,-0.07761956,-0.12524982
-0.019776087,-0.09296841,-0.044149995,-0.009992392,0.08823572,0.005097584,-0.022066547,0.006998641,0.9840156,-0.036704406,0.024368579,-0.06860016,-0.111975305
-0.013485068,-0.05077559,-0.073865384,-0.007513986,-0.0864025,0.13937913,0.000602663,0.022471212,0.89883834,0.08659385,0.023058474,0.38308877,-0.07478805
-0.004804118,0.121403545,0.028941037,-0.002576749,0.055170357,0.0698597,-0.012033848,0.028145013,1.0587949,0.09761965,0.016920254,-0.05155141,0.11682309
0.076530606,-0.070230074,-0.009800027,-0.005132265,-0.003752074,-0.12580127,0.029766874,0.033848014,-1.8098094,0.12834913,0.008889833,0.39847195,-0.002374182
-0.02122476,0.09625453,-0.12768523,-0.009721918,-0.15937741,0.08875992,-0.002971244,0.005777619,1.0193563,-0.038075607,0.02043231,-0.07894771,0.13183682
-0.055375714,-0.055204146,-0.008296718,-0.007250992,-0.061303765,0.059772424,0.024523808,0.035789967,1.0102301,0.026028335,0.022233384,-0.5872496,0.20093144
-0.014219604,0.15480006,0.03384451,-0.009727518,0.015438881,0.14209956,-0.012901587,0.026842073,0.84991795,0.093933694,0.014084414,0.40334868,-0.09619155
-0.020614048,0.21851657,0.01687785,-0.006279165,0.055419546,0.08594861,0.022137053,-0.123614475,0.87077034,0.029306259,0.028257791,-0.05799545,-0.09707377
0.071253404,0.1614742,0.064230375,-0.000509212,0.112022154,0.040056683,0.06285506,-0.07866105,0.9600556,0.003193501,0.020904703,-0.061685063,-0.044365708
-0.049578343,0.001653125,-0.07292299,-0.007266907,-0.11319882,-0.10200559,0.06804127,-0.113421306,-1.8839521,-0.07355261,0.008377507,-0.58213484,-0.13721007
-0.035345852,0.033663735,-0.014357865,-0.005227809,-0.14151528,-0.13749814,-0.010414418,0.03732785,-2.2476652,-0.138022,0.012206784,-0.08713785,-0.06458377
-0.005831756,0.19255984,0.049413823,-0.009051084,0.06865816,0.00119536,0.015231478,0.032373503,0.99996984,0.019270096,0.022268511,-0.03844757,0.054282315
-0.001790325,-0.016697256,0.023902247,-0.001710272,0.054448366,0.031648215,0.000464338,0.021763828,1.0262719,0.07390846,0.018307269,-0.060317177,0.12124073
0.18607281,-0.058154143,-0.124541715,-0.007666878,0.04239054,-0.0702856,-0.006826644,0.008463736,0.91814274,-0.18967439,0.025373984,-0.042854793,-0.055752173
-0.023478236,0.012658497,-0.082329504,-0.00751173,0.011134088,0.030169925,0.018377798,0.000880826,0.7860408,0.024792211,0.019568987,0.35381627,-0.027447462
-0.004116667,-0.20066902,0.04146279,-0.015167982,0.019102108,-0.2955372,-0.043736015,0.03511901,0.8789384,-0.073110536,0.014499677,-0.058799393,0.022117363
0.031972494,0.22861825,-0.018830284,-0.003124122,0.003838355,0.017701786,0.036253,0.014143559,-2.0831075,-0.06372703,0.010294633,-0.091257475,0.051135447
0.0857874,-0.1212218,0.031912833,0.008288268,-0.14727268,0.14040333,0.002268629,0.023242055,1.0505673,0.003910204,0.026029432,-0.07224278,-0.09140428
-0.007291927,-0.035128396,0.053896513,-0.006972713,0.048216153,0.08626308,0.020940378,0.040647,1.0238868,0.020728556,0.021802763,-0.029464925,0.025556147
-0.00401101,-0.084797665,-0.006146592,0.00021065,0.048330363,-0.11796592,0.03882708,-0.26951694,1.0538894,-0.014455734,0.020322042,0.02095069,0.17309354
-0.009815387,0.08227297,0.06862529,0.005458409,0.005084434,0.046642713,-0.028705936,0.031054588,0.8785454,0.07429752,0.016397327,0.28825834,0.013514994
-0.018076545,-0.0919672,-0.031569116,-0.009037543,0.036769927,0.09074995,-0.01016831,0.009944783,0.927594,0.08483089,0.020226186,0.33839017,-0.07934688
-0.00929912,-0.05187843,0.06157242,-0.010710493,0.020345325,0.1332814,-0.012668759,0.03452186,0.9373386,0.052450072,0.021105263,0.3518972,-0.005169748
0.17116544,-0.00376473,-0.018250305,-0.007377519,-0.16369885,-0.21316844,-0.020983515,0.035070073,-2.0764778,-0.053610932,0.010181608,-0.08576728,0.06347874
0.000513563,0.007992026,0.034458272,-0.002517439,0.028205117,0.105703294,0.018368911,0.032400154,1.0458041,0.09420301,0.02516575,-0.03543306,0.13412558
-0.04995305,-0.12016486,0.013281969,-0.001542797,0.01118093,0.14063308,-0.000770064,0.026702844,-1.893711,-0.1337227,0.008068644,0.7162532,0.02723971
-0.009554179,0.13421947,-0.0539137,-0.01175343,0.027558604,0.10819202,-0.024293542,0.010701753,0.77513224,0.035556506,0.012933538,0.41617063,-0.06286804
-0.028700715,-0.05226156,0.12869523,-0.005703169,-0.022441447,0.08647815,-0.06583554,-0.07028249,-1.6677282,-0.048588593,0.008218559,-0.71785796,-0.10571229
-0.013496682,0.10583191,0.039986126,0.005574329,-0.04514981,-0.004782584,0.038558576,0.060855944,1.1047187,0.09945376,0.022071201,0.014571525,0.07852401
-0.02518468,0.034147322,-0.06789693,0.001025461,-0.047924656,0.005815013,-0.003224596,-0.002190298,0.87992656,0.03076498,0.021477798,-0.06795224,-0.044068053
0.2242857,-0.094089076,-0.15780587,-0.012334161,0.06406457,-0.1750384,-0.026713934,0.007114117,0.96414596,-0.20933315,0.01744883,-0.005907852,-0.021354469
0.07600755,-0.091966555,-0.013877144,-0.006427778,0.06795219,-0.12017558,-0.005724468,0.020609338,0.94136685,0.07513564,0.014019115,0.13413815,-0.028000467
0.029880611,0.1535933,0.018446136,0.009392582,0.08617361,0.091498785,0.032610457,0.026784029,1.0642512,0.05324418,0.021868613,-0.056525014,-0.05541475
-0.027437864,-0.13663986,-0.04315018,-0.016832499,-0.042915072,0.04122939,0.01771186,0.002954766,0.6744288,0.006265569,0.018134195,0.46169186,-0.035191163
-0.025148813,0.010127676,0.052787192,-0.006540727,-0.1344477,0.17415226,0.02400711,0.08341875,1.0244442,0.07456515,0.020946145,0.46036074,0.004969846
0.102586836,0.1277139,0.091608405,0.002588206,0.08496458,0.09102015,0.030091563,-0.1091854,0.8815511,0.071337596,0.016432354,0.31930175,-0.03507803
-0.005731165,-0.18196593,-0.05405781,-0.011695507,0.07864572,-0.24367876,0.030854352,0.027073314,0.9571963,-0.05043018,0.014417868,-0.02742196,0.002556206
-0.031577367,0.20295376,0.003472965,-0.005248325,-0.09819508,0.16547091,0.021910384,-0.058286533,-2.1524725,-0.13013573,0.012892849,-0.10387348,-0.06869199
-0.030530255,-0.20132048,-0.015970547,0.012223465,-0.11773873,0.044854634,-0.048317626,0.012898143,0.8827032,0.020490259,0.019953234,-0.078959495,-0.060300115
0.22907484,-0.18200587,0.020735357,-0.00027825,0.03908366,0.008154976,0.012749942,0.024079846,-2.069685,-0.04478371,0.008353206,-0.17347525,-0.051405698
-0.021651858,-0.16618727,0.05919865,0.007172958,0.047540676,0.051906634,-0.006451654,0.042112425,0.8842241,0.07875854,0.019478459,0.31075215,0.0509972
0.10411609,0.050837614,0.13362749,0.003132098,0.03449626,0.054077037,0.046044897,-0.041184127,-2.0011644,-0.036627717,0.010461914,-0.12997262,-0.054771055
0.032754514,0.109879985,-0.007672455,-0.005027146,-0.025673563,0.14902192,0.031089665,0.021820042,-1.7920837,-0.108477086,0.006424717,0.845893,-0.04955865
-0.04849958,-0.18982019,-0.006758539,-0.001021348,-0.080098644,-0.12272871,0.004627913,-0.15212384,-2.181124,-0.12103935,0.008637053,-0.119958535,0.059079606
-0.009160891,0.11628835,0.009276533,-0.010194773,0.012435914,0.09237186,0.008837931,-0.18524373,0.9808896,-0.069477655,0.018682707,-0.059344172,0.14190426
-0.018325085,-0.10308034,0.061031353,-0.013915459,0.014660254,0.08088868,-0.02994553,0.017848397,0.89442325,0.025171507,0.012559496,0.36700013,-0.03012394
-0.021436822,-0.13164185,0.002022211,0.001145904,0.07037803,0.071008384,0.006927521,0.029008752,1.0086303,0.09292607,0.02650977,-0.08631928,-0.08299493
-0.024444643,0.24168958,-0.054843493,-0.000231649,0.037517782,0.13586198,-0.006116457,0.007659607,0.7454289,0.12633327,0.010621463,0.39948863,-0.06840896
-0.019878214,0.06827695,0.06259171,-0.010240226,-0.113165356,-0.12835802,-0.00642934,0.027697513,1.1302526,-0.024184272,0.01745986,-0.049811468,0.11785353
-0.025967829,-0.26594153,-0.07570521,0.049132396,-0.022578763,0.048193034,0.08610311,0.014543869,0.8552857,0.093625255,0.022870356,0.3091593,0.090757266
-0.01349213,0.12639552,0.03373628,0.005316451,0.06820344,-0.05228276,0.003254262,0.048775576,1.0841546,0.10357831,0.021037247,-0.001708696,0.048504576
-0.021072261,0.2261675,0.03309391,-0.005013923,0.032502446,0.056174178,0.067943215,0.02948944,0.92892987,0.06227061,-0.5208071,-0.13041879,-0.11817886
-0.011628928,0.12243129,-0.08103831,0.12228462,0.034948964,0.0684325,0.07997892,0.011371858,0.8773906,0.033136886,0.021334255,0.23851644,0.03465049
-0.015695719,-0.15270887,0.06843656,-0.00836723,0.052425236,0.017423842,0.053765465,0.01787598,0.9277579,0.000774591,0.016765002,0.3085857,0.027725771
0.045151204,-0.065534495,0.11668202,-0.00545246,0.0772317,-0.078978665,-0.000431208,0.024666565,-2.1386733,-0.038892455,0.00896928,-0.092874095,-0.050293587
0.049174733,-0.08524669,-0.008870466,0.026703859,0.07428071,0.11239821,-0.001910718,0.008126581,0.87423515,0.06864313,0.01566311,0.3537205,-0.07172237
0.08883836,0.07710886,0.11060224,-0.001041925,-0.087203555,-0.15984832,0.004576006,-0.034175634,-1.9237465,-0.07782349,0.010733644,-0.08245165,0.07597503
-0.045463584,-0.012704914,9.72E-05,0.040015616,0.048313655,-0.034200586,0.006577801,0.027398996,-2.0363314,-0.18347245,0.010384958,-0.11495786,-0.060913198
-0.018349895,0.053660452,0.031005086,-0.012487326,-0.18060187,0.02246539,-0.018782454,0.019389877,1.034911,0.013704789,0.015765045,-0.063157916,0.045660563
-0.0594158,-0.1618022,0.007715882,0.001230641,0.051608235,0.06633806,0.039553266,-0.26748675,0.7342597,0.08299196,-0.41450316,0.4703535,-0.044279244
-0.016085846,0.16330995,0.08228134,0.000669612,0.001276231,0.086941116,0.012426875,0.028775152,0.84879154,0.055060852,0.016169399,0.37995484,-0.015797362
-0.025193827,0.1861337,-0.06939745,0.090818875,0.033410303,0.055572804,0.056696847,0.012330899,0.8954488,0.039309155,0.021703798,0.334683,-0.031226281
-0.023558408,-0.046198495,-0.018163802,-0.007417646,-0.14503448,-0.18413255,-0.004320471,0.034345288,-2.211331,-0.15099871,0.009921626,-0.07705464,0.07430278
-0.020183308,0.2641212,0.039279442,-0.010852467,0.10408759,-0.051775444,-0.02071685,0.03023157,1.0872196,0.033373427,0.026269628,-0.017774586,-0.06188122
-0.028465018,-0.1484225,0.06539016,0.000421705,-0.069039315,0.11150923,0.03387269,0.030360319,1.0932338,0.011840859,0.026242362,-0.06284488,0.1026437
-0.047221716,0.14115387,-0.031045694,0.004320808,0.043835085,0.1158808,-0.0313861,-0.35768446,0.89716274,0.005347707,0.016759396,0.297223,-0.05416111
0.00280873,-0.006421394,0.03759987,0.16618237,0.05299824,0.09626467,-0.017114988,0.025052512,0.99858457,0.01089216,0.016606607,-0.047623854,0.08930836
-0.021581551,-0.19492875,-0.011470543,0.0033283,0.10566468,-0.02547026,-0.014154973,0.017290534,1.0493499,0.11228565,0.023858026,-0.05084162,0.082986474
-0.03403099,-0.032475587,-0.023416735,-0.00710835,0.032939807,-0.077098526,-0.015354344,0.034694623,-2.1978903,-0.10172317,0.010158225,-0.052575123,0.034317236
-0.007387097,0.05701408,0.06963828,0.030153485,0.09522918,0.08040742,0.07224174,0.2269087,1.0073662,0.08002655,0.023151997,-0.06394869,-0.029670028
-0.030277273,0.24479143,0.011224576,-0.003008908,0.077595256,0.0925211,0.010986542,-0.2285442,1.0415208,0.042869873,0.025879996,-0.04760983,-0.11056279
-0.021839999,0.117576554,0.09029602,-0.009480738,0.046280555,0.073207125,0.011053236,0.009955859,1.0702201,-0.21803556,0.017312897,-0.049854215,0.13077246
-0.021046713,0.062393572,0.0531109,0.13692631,-0.2831667,-0.046166696,0.04863351,0.021664232,1.1010542,-0.10349545,0.018274555,-0.025821993,-0.14843227
-0.016048824,-0.07345816,-0.035890557,-0.003190273,0.041245963,0.076158464,0.006052343,0.015835648,0.90052867,0.09040895,0.01586752,0.3499797,-0.06563825
-0.0078566,0.09542092,0.039240953,0.005499216,0.04149084,0.08812117,0.022278633,0.033034343,1.0861323,0.10339557,0.026744798,-0.030009037,0.08184344
-0.04439854,-0.016312182,-0.018852139,-0.007416949,0.054553032,-0.037402667,-0.020415284,0.029821308,-2.1235502,-0.12443152,0.009664947,-0.15337308,-0.05840346
-0.024509348,0.19323114,0.19128472,-0.011661561,-0.10538209,-0.09709882,0.12462255,0.050355848,-1.705097,-0.041379184,0.008528147,0.72919226,0.00267251
0.06529559,0.0959579,-0.018919345,-0.000781833,0.044460952,-0.05186636,0.05878152,0.027636733,-2.20445,-0.047261544,0.009320448,-0.10995565,-0.03918922
-0.028479261,-0.010756795,-0.043260418,-0.005578808,0.08910366,0.03237211,-0.00144209,0.008949821,0.8265636,0.001438809,0.018538218,0.39823982,-0.039210785
0.028301045,0.12796023,0.036343407,-0.007580015,0.07117475,0.1114297,0.013188939,0.011121294,1.0689679,0.032500714,0.014673237,-0.05571399,0.116271816
-0.024096606,-0.029567014,0.036046527,-0.002027808,-0.12528475,8.71E-05,0.002787778,0.007818101,1.1321104,0.026583709,0.022246731,0.05863398,0.04545328
-0.004811778,-0.06822915,0.061386954,-0.00796413,0.024060342,0.034879483,0.021800114,0.02499316,0.8991374,0.010521988,0.01410398,-0.06730446,0.041041173
0.2382776,-0.016961416,0.07953196,-0.003338103,-0.14272398,-0.01563584,0.0629885,0.053529456,1.111164,0.04191008,0.025417302,0.03293963,-0.022876387
-0.005247299,0.18256097,0.035664786,-0.013145569,0.041232485,0.11834886,0.012221437,0.02358453,0.8109909,-0.010662902,0.013413965,0.39973164,-0.053352978
-0.029559566,-0.12303361,0.058025554,-0.003917739,0.008648149,-0.00518631,0.10261631,0.009640716,0.78389466,0.06607272,-0.62557715,-0.13699917,-0.057491966
-0.045726053,-0.08167145,-0.029685365,-0.007211793,-0.00923876,-0.06365698,-0.018221427,0.040909726,-2.1692145,-0.05704001,0.008592267,-0.59000003,0.075259514
-0.011702176,0.16938858,0.079015,0.094246455,0.03850889,0.06661524,0.050872587,0.026880743,0.8828307,0.056100056,0.02098217,0.37794006,-0.04650003
-0.007431783,-0.069610894,0.001354884,-0.007523605,0.017681766,-0.1558643,-0.009436507,0.04084336,-2.0063462,0.1546324,0.009664879,-0.10368613,0.040973015
-0.000211764,-0.04306396,0.041293062,-0.016608452,0.04264888,0.07167238,-0.011172041,0.013000311,0.9056925,-0.002072759,0.014656951,-0.060129732,0.061381176
-0.007035397,-0.05496023,0.039105937,-0.014742622,0.030788513,0.05786186,-0.02254864,0.017512813,0.8914319,0.017543921,0.017946908,-0.07387969,-0.0475607
-0.008425919,0.17055379,-0.030910807,-0.005833878,0.064359955,0.04498813,-0.020622907,0.010575946,1.0214915,0.15254077,0.017860262,-0.04933561,0.11809872
0.09362517,-0.06822243,-0.027119953,-0.005568835,-0.14193135,0.31148413,-0.020352915,0.16813958,0.95179987,-0.013018821,0.02221925,0.45974842,0.027128061
-0.014821466,0.053101055,0.062346525,-0.011343907,0.08139819,0.09240158,-0.00949386,0.02006838,0.8779728,0.07794671,0.016203536,0.41456884,-0.07319884
-0.001678096,0.18126711,0.057114232,-0.002441058,-0.08774005,0.06078126,0.050829113,0.02784977,0.98256564,0.14939761,0.029637085,-0.036293685,0.11835604
-0.02684968,-0.03961772,0.037814785,0.096469335,0.06616529,-0.054652676,0.01683316,0.054986794,0.9180242,0.047453202,0.018925443,0.37596893,-0.014315339
0.11230237,0.22382264,0.026704963,-0.004215134,-0.13579725,0.015254677,-0.013687149,-0.20559862,1.0924842,0.07613288,0.0248286,0.002197167,-0.062299877
-0.003434542,0.11194126,0.030291924,-0.005541962,0.053812955,-0.13580208,0.001884799,0.045805734,1.0759474,0.15381683,0.019048491,-0.021099329,0.1302247
-0.004570925,-0.08284286,0.018345512,-0.002935517,0.067192174,-0.04249439,-0.008172927,0.06447481,1.076808,0.05252511,0.019004734,0.012496052,0.122226276
-0.00947085,0.03509998,-0.030352784,-0.014627629,0.044343647,0.0887461,-0.01041947,-0.003483255,0.869798,0.021042062,0.018567612,-0.049795065,-0.05671646
0.028488662,0.07032625,-0.04444635,-0.000326483,0.12005579,-0.03491806,0.05954954,-0.004459007,0.98826385,0.013919203,0.020531593,-0.067159034,-0.023141535
-0.01680998,-0.25114197,0.044190686,-0.015005105,0.018847886,0.17843522,0.006878065,0.16052784,0.89759094,-0.10177787,0.023876837,-0.050562695,-0.001229902
-0.015145102,0.029124925,0.002991337,-0.003679784,0.08088539,0.13822357,0.05783546,-0.13860333,1.0610693,0.038512576,0.021923684,-0.03696858,0.14370526
-0.050654758,-0.07443074,0.015326573,0.004709698,0.04547586,0.15086792,-0.04099887,-0.31900358,0.8171353,0.08709052,0.013914969,0.35340694,-0.034174725
-0.020238543,-0.025042154,0.08958275,-0.00652863,0.03502412,0.093684226,0.020191388,0.010487413,1.0341713,-0.25229597,0.021652158,-0.043429952,0.12371926
-0.03314231,-0.14741261,-0.05419837,-2.80E-05,-0.08441112,0.029888708,-0.007486641,0.00368855,0.6568343,0.018944679,0.013713118,0.4566576,-0.014615973
0.28869617,-0.029591864,0.13703048,-0.009296408,-0.066604234,0.22425723,0.010654429,0.041319773,0.9097921,-0.12401203,0.019472621,0.4500419,-0.051268887
-0.039338022,-0.1595897,-0.04603641,0.000643868,-0.09754581,0.03948529,-0.003367753,0.000219688,0.66490626,0.007196456,0.014504631,0.4351194,-0.019091245
-0.027890062,-0.0899181,0.025317073,-0.010382253,-0.1389092,-0.102331005,-0.004534487,0.041658428,0.87813294,0.051868774,0.01888383,0.20607089,0.06316284
0.04239947,0.0186265,-0.007175704,0.003590992,-0.005066225,0.00747334,0.029803116,0.014831523,-2.0482936,0.07549853,0.010386631,-0.16885902,-0.056259252
-0.011893059,-0.061518803,0.002125691,-0.005806189,-0.000400989,-0.06359978,0.002317677,0.03724683,-2.1116092,0.1301672,0.012538296,-0.055366766,0.039517842
0.005245458,0.12399888,0.02118137,-0.005699141,-0.033980027,0.06383992,-0.018617162,0.018677225,-1.877518,0.12527855,-0.31927466,-0.18083487,0.09044757
0.055378865,0.1501519,0.029911371,0.005343469,0.09432064,0.10143221,0.059449118,0.019524159,1.106405,0.056287017,0.020229759,-0.04767028,-0.0473844
-0.000227505,-0.016608512,0.028629588,0.00037536,0.0496577,0.101138346,-0.002227276,0.028610712,1.0325127,0.06795877,0.020261575,-0.04530773,0.10970513
0.09578807,-0.13180149,-0.027314477,0.04393121,-0.057777584,0.010826573,0.024245922,0.051203463,0.84919757,0.13271888,0.024982005,0.3101941,-0.043360632
-0.040758587,-0.19605052,0.07783365,-0.014299237,-0.041420825,0.02318754,0.02060742,-0.08384677,0.8425324,-0.007491803,0.022690305,-0.096906826,-0.09260219
-0.009158818,0.15318894,0.000933458,0.09332181,-0.20397484,-0.076162376,0.12973227,0.07982227,1.108736,0.015824672,0.017615017,-0.015049539,0.1221768
0.016909204,-0.18058217,0.008860812,-0.007549729,0.10101952,-0.02595202,0.032332797,0.026354784,1.085989,0.057579003,0.01705071,0.010108301,-0.090625785
-0.013175308,0.009181357,0.029745637,-0.003750503,-0.010042768,0.095516145,0.03876318,0.028742716,-2.0435839,0.14502382,0.011162779,-0.13085054,0.018957272
-0.019751411,-0.13488607,-0.08034886,-0.014156397,0.03649755,0.030129613,-0.027913494,0.004318226,0.82660544,0.012481814,0.011036177,0.28878817,0.017795652
-0.02892232,-0.17026371,0.06697564,-0.016210781,7.19E-05,0.12883955,0.009978275,0.02428712,0.68784463,0.006418666,0.018593973,0.50699294,-0.039648455
-0.020754294,0.10308436,0.055624828,-0.008284618,0.058440436,0.08120871,-0.002585733,0.025242401,1.1147634,0.012646601,0.01671885,-0.04398821,0.10797402
-0.041436166,0.08667852,-0.00644054,0.001558613,0.056517173,0.14548455,-0.021675764,-0.09591131,0.8436954,0.06577353,0.013068743,0.2895521,0.069409
-0.028515436,-0.019935114,0.003597346,-0.007773103,0.03699793,-0.16017653,-0.003387672,0.01870244,-2.1272888,-0.21372217,0.007887042,-0.11026091,0.06194131
-0.001901146,-0.059449553,0.021333393,-0.004870453,0.038085297,0.025781317,-0.00338684,0.024651112,1.0054961,0.080183655,0.024640393,-0.07034488,-0.131334
0.25758648,0.022475967,-0.08547463,-0.007512457,0.07754346,0.07292142,0.032791827,0.003220485,0.8070678,0.015323115,0.019156704,0.3752235,0.000176712
-0.021243466,-0.050457023,-0.06789777,-0.015287924,0.036038056,0.057204515,-0.025491899,0.004629556,0.81708705,0.003812105,0.011244218,0.33543307,-0.044296104
0.042290736,-0.012541485,-0.017504277,-0.00615033,0.056231584,-0.06328183,0.014042545,0.030266259,-2.2263017,-0.076480895,0.006909121,-0.09299376,0.04233275
0.01893939,-0.076538965,-0.01700232,0.003884441,0.025804592,0.08715481,0.013260747,-0.17568405,1.0286201,0.062642485,0.024665749,-0.027689494,0.10702149
-0.018047674,-0.009129954,-0.040205326,-0.005179484,0.071630314,0.0714736,0.03793878,0.005906027,0.9424746,0.1049557,0.02122504,-0.06532577,-0.07939667
-0.03456112,0.042902723,-0.031700753,-0.005850342,-0.17363445,0.18108879,-0.027108492,-0.08197272,-2.1649718,-0.1141286,0.011922003,-0.13311726,-0.074224785
-0.03359714,0.06342272,-0.005408768,-0.009522933,0.029703995,-0.054431606,-0.001581345,-0.121198006,-1.7851824,0.17228256,0.011045809,-0.16659093,-0.036604956
-0.034453068,0.20827998,0.0865699,-0.001471498,0.071434595,0.10308552,0.016992308,0.024372637,0.76125014,0.020445634,0.010975581,0.424143,0.037597597
-0.01964645,-0.15501577,-0.002437782,-0.007831547,0.14120184,0.02827603,-0.024200143,0.042480193,1.1234392,0.06198777,0.020037234,-0.011626664,0.07174095
-0.025081418,0.025158446,-0.05367585,-0.009096251,-0.2608974,-0.21611,-0.001133166,0.03375969,-2.26388,-0.15752861,0.008633109,-0.12331594,0.06348948
0.00406303,-0.121670656,0.03534536,-0.005349953,-0.005064925,0.15062247,0.017661877,0.022955041,-1.7422115,-0.06362842,0.009817803,0.48995218,0.00013792
-0.046431765,-0.029210372,-0.064637,-0.005884523,-0.11583512,-0.08198939,0.041334875,-0.17061886,-2.0240827,-0.08950607,0.009200889,-0.45503613,0.08363642
0.022446392,0.06446603,0.022705937,0.005720972,0.08242865,0.03595228,0.017425044,0.020449916,1.0206734,0.08927582,0.021471085,-0.05446021,0.07246591
-0.02387025,0.052482568,-0.054614417,-0.018303985,0.052189384,-0.14954595,-0.02170768,0.026750578,0.8805202,0.02427655,0.013083375,0.36776027,-0.06503969
-0.028147325,0.20660086,0.010287551,-0.01207081,0.09726928,0.1511356,0.007318915,-0.13340954,0.7226791,0.043640833,0.011564878,0.40717614,-0.09364673
-0.02033181,0.03001322,-0.06925291,0.001860329,0.019729218,0.08514043,-0.026014833,0.004623702,0.8626805,0.09580323,0.014680417,0.29275388,0.05500857
-0.012570737,-0.08354688,-0.07713616,-0.014431893,0.0584547,0.062456105,-0.01770709,0.007393191,0.69297606,0.043465383,0.011935199,0.3776429,-0.013992429
-0.025373964,-0.058033448,-0.017830476,-0.008783442,0.050542723,-0.15847684,-0.025604827,0.032410692,-2.1083543,-0.09472376,0.007542924,-0.10421567,0.035230566
-0.010954032,0.056768022,0.041408993,-0.013160759,-0.010665903,-0.07498641,-0.01569435,0.028772937,0.9506125,0.018879136,0.024656132,-0.050195284,-0.051492263
-0.010716395,0.25807485,0.06227052,-0.006569357,0.042183384,0.122788444,-0.003772443,0.020678435,0.9081093,0.051043227,0.015138228,-0.074293405,0.110715166
-0.027357478,0.2350442,-0.058738917,-0.004716583,0.12483704,0.054398686,0.025037078,0.015928647,0.99904364,0.030699424,0.02521503,-0.038068637,-0.0494986
-0.019878214,0.06827695,0.06259171,-0.010240226,-0.113165356,-0.12835802,-0.00642934,0.027697513,1.1302526,-0.024184272,0.01745986,-0.049811468,0.11785353
-0.008227175,0.21021494,0.06507192,-0.013861719,0.09927247,0.11406685,-0.011788051,0.0233085,0.7412581,0.048241675,0.011447077,0.47790334,-0.07718736
-0.014287256,0.18038727,0.04270835,-0.00836309,0.07226125,-0.04226653,-0.032377236,0.03845102,1.0390795,0.010549278,0.025386881,-0.034456324,-0.033011533
-0.03263005,-0.19897817,0.07360795,-0.002348198,0.062279813,-0.07655415,-0.024814041,0.041877422,-2.1452372,-0.040763225,0.009173023,-0.1044243,0.04007395
-0.04027701,-0.24201027,-0.032880783,-0.008840761,-0.12368944,-0.3438685,-0.021704447,-0.2217406,-1.9875041,-0.096449666,0.010093764,0.32279733,-0.07438261
0.06555537,0.019092329,-0.009450481,0.1611526,0.027069569,-0.11519836,0.018134521,0.03869382,-2.0812113,-0.07526518,0.00700003,-0.53660727,0.068492614
-0.013836987,0.012998696,-0.036761515,-0.004528744,0.1035732,0.009781698,-0.028840221,0.004117937,0.9776928,-0.030490743,0.029184008,-0.059531353,-0.03791385
-0.00539031,0.24421689,0.019027788,-0.005660759,0.082394555,-0.052118693,-0.005368886,0.04403962,1.0389739,0.10158137,0.029175956,-0.010235035,-0.070370585
-0.022414431,-0.17365637,0.0572474,-0.010967151,-0.12381695,-0.114571996,-0.01720546,0.02794116,1.0642722,-0.031499445,0.023313059,-0.06613777,-0.10075008
-0.013709413,0.12187841,-0.03970326,-0.009776869,0.040131275,0.09127994,-0.012728151,0.01885183,0.8453514,0.11507236,0.016356554,0.384247,-0.081740886
0.003603902,-0.13532965,0.007252448,-0.005665503,0.07528264,-0.124241635,-0.000871566,0.040097624,1.0309788,0.083920315,0.014167721,-0.019273251,-0.04315737
-0.005747867,-0.08274097,0.018696297,0.05064643,0.074135706,-0.11920272,0.009515054,0.049339794,1.0349652,0.08073315,0.022850571,-0.03983358,0.12145994
-0.051556934,-0.16366148,0.011840491,-0.000882471,-0.001984837,0.1882018,0.018820345,-0.047929958,-2.0365784,-0.11389586,0.008946987,-0.57784045,-0.079960495
-0.01504158,0.14917597,0.054610956,-0.005829027,0.012116276,0.13086809,0.00814324,0.019410947,0.9630211,0.051834174,0.025639493,-0.07940897,-0.06854311
0.028125685,-0.11646351,0.029146018,-0.002623331,-0.14017656,-0.14089477,-0.03300259,-0.08978637,1.1270707,0.023624778,0.020346727,0.001772635,0.000318212
-0.0436719,0.027898546,-0.00326925,-0.004847559,-0.077416256,-0.0832752,-0.003098146,0.035382025,-2.1111252,-0.15460296,0.010081646,-0.14530534,0.05475436
-0.048928812,-0.19756335,0.000430238,0.003049473,0.072371244,0.04578472,-0.00277197,0.024447966,-1.8340423,-0.07525275,0.005113169,-0.6159182,0.060965504
0.045132924,-0.20134692,0.039703663,0.003575429,-0.08331273,0.09044655,0.003644162,0.016157443,0.9067186,-0.042605646,0.016710704,-0.108719096,0.039776158
-0.01415061,0.16222073,0.024213696,-0.003774888,0.058600124,0.04127551,-0.004356943,0.021799207,1.0391908,0.099833176,0.015069919,-0.06280136,0.12835869
-0.01649491,-0.031175973,0.013146251,-0.002986611,-0.066997595,-0.15739752,0.02181528,0.043238953,-1.9845116,0.18417147,0.010485916,-0.08986625,0.0656379
-0.008538768,0.020449257,0.04047735,-0.00502572,-0.06269002,-0.09003328,-0.006278345,0.05162742,1.0348083,0.17675346,0.021733265,-0.049672425,-0.11781226
-0.010553632,0.059965733,-0.003825361,-0.007123191,0.022406278,-0.043236855,-0.001256602,0.058686215,-2.1236246,0.17075714,0.009201761,-0.078111134,0.054833688
0.09783981,-0.05498944,-0.027429681,0.008853462,0.10763188,0.006436973,0.030382738,0.042092007,1.0378894,0.05900353,0.018200433,-0.007211172,-0.048667874
-0.050558265,0.006510827,-0.049702268,-0.003335845,-0.08853696,-0.14715162,-0.027672706,-0.15910694,-2.0342484,-0.1662407,0.00871457,-0.5193515,0.074935
-0.000610629,-0.03673794,-0.014096542,-0.010226072,0.07850403,0.04871901,-0.004283986,0.009854872,1.0150743,0.14071305,0.019381639,-0.016250301,0.08206869
-0.012526715,-0.041595787,-0.000898422,-0.006724989,0.012860329,-0.048078727,-0.003923189,0.036408104,-2.079278,0.1233817,0.013899139,-0.0697429,-0.047483828
-0.011275454,0.16040929,0.001419845,-0.005671513,-0.014510099,0.10706753,-0.010794449,0.022734785,-2.0571167,0.15469585,0.008789194,-0.1549021,0.0729387
-0.021214206,-0.10111919,-0.030056555,-0.007612043,0.05658389,0.056571577,-0.003545325,0.008489049,0.9435934,0.12141647,0.0227916,0.31825057,-0.03019097
0.08188583,-0.033494882,-0.012788464,-0.003244265,-0.043031707,-0.06350024,-0.001665296,-0.13281026,-1.9492441,0.13137895,0.013661468,-0.08020357,-0.07920251
-0.053112313,0.000457074,0.04888106,-0.004942635,0.07738457,-0.17108051,0.006322291,-0.17898622,0.7449715,0.001724155,0.012933697,0.24198024,0.006134586
-0.021335116,-0.105596706,-0.02629527,-0.006487073,0.050756227,-0.16876182,-0.001584902,-0.3042059,0.9886825,0.065747276,0.018073933,-0.010083786,-0.07472919
0.045517754,-0.24054624,0.000882964,0.002058098,-0.015432286,0.029214378,0.012626821,0.018817179,-2.094703,0.08879537,0.010078089,-0.17760436,0.051323365
-0.019230498,-0.09911107,0.10996052,0.000487883,0.10904416,0.02916837,0.00638128,-0.09310751,0.9994893,0.09597944,0.024730725,-0.05252996,0.10525549
-0.035871398,-0.056760777,0.022769086,-0.010527574,-0.07023104,-0.15140854,-0.01100008,-0.22577657,1.0485209,0.040988598,0.016682254,-0.035541326,-0.058081836
-0.02294337,0.008313487,-0.07040578,-0.007586464,-0.05588857,-0.11584375,0.035098713,0.031910058,-1.6833586,0.11477289,0.007958274,-0.52123266,0.06857655
-0.034740005,0.08308421,-0.16231364,-0.0078572,0.061659086,0.046432547,-0.06993141,-0.016147032,0.9537822,-0.40462238,0.016384609,-0.047792412,0.09652988
-0.015157846,-0.029475112,0.102857426,-0.007986244,0.06529398,-0.1281239,-0.047051553,0.026097525,-2.023921,-0.06753571,0.010844477,-0.12507504,-0.063120306
-0.030020615,0.27523524,-0.017817002,-0.007236278,0.05070146,-0.08978454,-0.01622463,0.035873916,-2.161579,-0.090835094,0.0113709,-0.047729727,0.039845027
0.092738084,0.20512941,-0.001810751,-0.000682374,0.016760617,-0.12106462,0.048504516,0.032215986,-1.7049627,-0.14449632,0.006652303,0.74722856,-0.014223818
0.06990407,-0.124993145,0.015266767,-0.004091053,0.110819824,0.02171276,-0.043911196,0.05616806,1.1436937,0.08782508,0.02255033,-0.010042167,0.059992943
-0.007909198,0.010077617,0.03297448,0.003436454,0.012301914,0.110485055,-0.008425003,0.03128919,0.9390694,0.05491999,0.019943448,-0.08222519,-0.10826144
0.063632384,0.052398413,-0.021124236,0.002839328,0.015255827,0.01262839,0.051159456,0.013140203,-2.1314104,-0.064576365,0.009288428,-0.1495463,-0.050022505
-0.032311495,-0.12711479,-0.01755189,0.13250782,0.0769072,-0.046957362,0.019085072,-0.2953098,0.95489365,-0.035431676,0.020192046,-0.028041052,-0.07135548
-0.001726476,0.07114511,0.003199357,-0.004494757,0.052085906,-0.22100067,-0.02371593,-0.1995609,0.97034293,0.00831326,0.018741688,0.09800008,-0.06628269
-0.048501793,0.05448793,-0.022488361,-0.000410204,0.013128624,-0.109886274,0.051587366,0.039648008,-2.1488466,-0.08034372,0.007990572,-0.5267015,0.056173
-0.024802893,0.005000339,-0.021328744,-0.006400296,-0.012076653,0.07878115,-0.00435256,0.015428687,-2.1302445,-0.13035654,0.009198901,-0.103269376,0.07696256
-0.030473256,-0.08161831,0.022387631,-0.003426174,-0.19186074,-0.005346533,0.021022618,-0.07657579,0.9545618,0.011782605,0.024909073,-0.055001363,0.107228205
-0.024735644,-0.062474936,-0.06478105,-0.008818332,0.058974706,0.09182617,-0.011079652,0.016364539,0.94204074,0.022290982,0.021179032,0.32106054,-0.01523925
0.14262003,-0.20085125,0.048051197,-0.002308283,0.004656764,0.19542871,0.081638195,0.005931366,-1.6961743,0.10160905,0.008062911,0.5045798,0.044206716
-0.018293235,0.15504594,-0.032036476,-0.010995411,0.037565462,0.13206284,-0.011943772,0.010110919,0.8251514,0.13463451,0.014912441,0.379484,-0.087058865
-0.030979233,-0.34804398,-0.01817331,-0.004729806,-0.004323691,0.08634527,-0.03467457,0.020758979,-1.7623804,0.061728735,0.010792661,0.47067207,0.004819358
0.14291011,-0.051794477,-0.022703327,-0.003475046,-0.110312246,-0.35007972,-0.036890335,-0.22913037,-1.9682212,-0.13942176,0.009120537,0.504145,-0.020689731
-0.02114165,0.13967367,-0.060322292,-0.006197706,0.04214268,0.13466842,0.035313655,0.007928426,0.76536083,0.05796823,0.010415732,0.39298886,-0.052061334
-0.011853243,-0.045783997,0.0240843,-0.004624273,-0.008007051,0.1185437,-0.03925122,0.017305903,-1.9007165,0.06934404,0.014808407,-0.09359772,-0.07830233
-0.048737027,-0.16900249,-0.022969324,-0.003961891,-0.16327018,-0.08026507,-0.18797773,0.035914104,-2.1974895,-0.06799172,0.009995692,-0.09822267,0.05465304
-0.00413677,0.18489495,0.025563829,-0.010021508,0.053328335,0.046630327,0.007625237,0.01531982,0.9385883,0.11469608,0.018407557,-0.09196985,-0.1462476
-0.026202653,0.19550012,0.029812582,-0.006562117,0.09669649,0.05302879,0.06728058,0.01793684,0.9598555,0.020547722,0.021745902,-0.0722296,-0.058567923
-0.051424127,-0.26446897,-0.026945913,0.000543698,0.057573106,0.11856665,-0.001772694,-0.10203652,-1.8602302,0.11725389,0.010990775,-0.5157872,0.09362934
-0.004070852,0.19649895,0.011047309,0.001208467,0.090445645,0.069799334,0.018593833,0.030273514,1.0225801,0.04314455,0.02360021,-0.049023263,-0.06509608
0.056502227,-0.097898565,-0.011225592,-0.030848494,0.0917826,-0.018240929,-0.0345819,0.045388583,1.0086752,0.058614958,0.018432094,-0.04486481,0.04241574
-0.035713233,0.22445218,0.022312567,-0.006004206,0.030107282,-0.32348934,-0.000252937,0.04309198,-1.6133033,0.13956118,0.00963437,0.73745424,-0.031434875
-0.021720821,0.14916585,0.0808265,-0.000749925,0.079438366,-0.058860186,-0.027677447,0.033258587,1.054764,-0.29537687,0.019400038,0.01863903,-0.033346884
-0.029949103,0.04633674,0.010354102,-0.006850381,0.091391645,0.12661327,0.012546736,-0.13699272,0.8516744,0.08982943,0.016966028,0.3623758,-0.08593474
-0.005971214,-0.003266305,-0.03690729,-0.007087857,0.05417678,0.037286986,-0.0246539,0.008800012,0.9712099,0.07789333,0.026158813,-0.06885986,-0.09690284
-0.013205305,-0.12133475,-0.006371857,-0.009580595,0.01798876,0.09218313,-0.006234264,-0.1692599,0.8235057,0.03250056,0.011241728,0.28059316,0.07628241
-0.061572466,-0.17054005,-0.03521409,-0.003783676,-0.097392365,-0.07687193,-0.04925486,0.03418475,-2.0224562,-0.19204691,0.009257796,-0.598243,-0.12184968
-0.017440727,0.058414396,-0.06412772,-0.010334346,0.07221089,0.080220036,0.001184821,0.00243362,0.8541558,0.08198878,0.017606193,0.37701598,-0.062085297
-0.029033473,0.2491903,-0.022157319,-0.004741089,0.035843477,-0.122881636,0.014058065,-0.12990364,-2.1678822,-0.06886418,0.010696064,-0.015812881,0.059152413
0.06746524,0.09753962,0.079367064,-0.008708347,-0.08820133,0.042878304,0.047124404,0.03273579,0.9516499,0.030921316,0.02059489,0.3235543,-0.024258064
-0.011893059,-0.061518803,0.002125691,-0.005806189,-0.000400989,-0.06359978,0.002317677,0.03724683,-2.1116092,0.1301672,0.012538296,-0.055366766,0.039517842
-0.030958552,-0.04433348,0.012661189,-0.007230886,-0.13722357,-0.16701633,0.01168083,0.022513296,-2.2430863,-0.18160775,0.008791138,-0.12009654,0.07850244
-0.042901114,-0.066153444,-0.024025058,-0.009769289,0.013027444,-0.10566788,-0.050491188,0.025852768,-1.8223232,-0.06581916,0.006800104,-0.7192057,-0.10580809
-0.018047674,-0.009129954,-0.040205326,-0.005179484,0.071630314,0.0714736,0.03793878,0.005906027,0.9424746,0.1049557,0.02122504,-0.06532577,-0.07939667
-0.031626165,-0.03659619,0.2569043,-0.003793849,-0.05342582,-0.13498689,0.12331941,-0.15786675,-1.993597,-0.03270096,0.009951972,-0.43785837,0.07676909
-0.011083776,0.13411997,0.030901838,0.005266608,0.05826102,0.094600625,0.001151257,0.03171403,1.0692846,0.08588859,0.028444078,-0.052441124,-0.076005206
0.07909111,0.05672918,0.020649698,0.004542711,0.06798726,-0.084232196,0.035012186,0.035165694,0.8797209,0.07520271,0.01419853,0.310806,-0.000806112
0.051075954,0.09259152,-0.038583763,-0.00685587,0.08381552,0.028365925,-0.005788187,-0.004402456,1.050267,0.026024222,0.014571007,-0.04795976,0.10387352
-0.014743495,-0.09075999,-0.035309196,-0.01386344,0.04831418,0.10706448,-0.018006613,0.003180707,0.82781065,0.10884691,0.011555824,0.24831185,0.04752875
0.08466196,0.021833198,0.03765595,0.004621666,-0.031011978,-0.04053085,0.073422305,0.040454917,0.87292844,0.07143021,0.016034726,0.32849723,-0.006909691
0.10980914,0.08488846,0.082864866,0.009130404,0.10485332,-0.012602604,0.03853425,-0.096993335,1.002254,0.06508271,0.020374754,-0.066086754,-0.06838948
-0.01586703,0.20483568,-0.021855053,-0.000343405,0.051671445,0.015235388,0.024044815,-0.26303592,0.97884756,0.057480928,0.02729905,-0.052278012,-0.12605268
-0.000270009,0.014401224,0.035086602,-0.002599688,-0.06113678,0.028694808,0.027907092,0.060924012,1.0984701,0.13389012,0.026043318,0.0212204,0.10118254
-0.021125074,-0.20136437,0.049367126,-0.001593555,-0.11343208,0.042682417,-0.14255518,0.036851678,0.877656,0.07082092,0.023934385,0.29654416,0.053189788
-0.028360812,0.18091744,0.07930924,-0.006203165,0.06015494,-0.036019333,-0.05369767,0.015289803,0.9928454,-0.29167658,0.021093829,-0.021915806,0.07122329
0.042290736,-0.012541485,-0.017504277,-0.00615033,0.056231584,-0.06328183,0.014042545,0.030266259,-2.2263017,-0.076480895,0.006909121,-0.09299376,0.04233275
-0.026085533,0.021234391,0.040120203,-0.00480174,-0.095536344,0.18309462,-0.004234013,-0.004207872,-1.6759802,-0.15512271,0.011557762,-0.12177921,0.09657226
-0.025714476,0.04813284,-0.08897339,0.000993144,0.07289618,0.09060019,0.07538395,0.002050435,0.76607394,0.105753794,-0.4255281,0.5142858,-0.04029168
-0.02755088,-0.3091464,0.00944643,-0.010131837,0.23939776,-0.14694975,0.007549371,-0.17302258,-1.6802819,0.12614207,0.007643806,0.38899878,0.008218454
-0.009722679,0.029180225,0.031570192,-0.003699191,0.002752604,0.15762283,0.041067682,0.030049449,-1.9319909,0.17970107,0.012697293,-0.09154053,0.092162564
-0.005968943,0.2927707,0.032372646,0.1272973,0.12873003,0.09100184,-0.002351233,0.043792453,1.142169,0.07990078,0.02669812,0.017098203,-0.07262389
-0.032741684,0.16114129,0.06601594,-0.00160586,-0.0598435,0.010383499,0.093670234,0.040244624,1.1184489,0.014714627,0.02135596,-0.031381164,-0.039415736
0.02747632,-0.19504085,0.054840636,0.005254913,-0.0203539,-0.041429814,0.02641704,0.03514213,1.0111754,0.04870045,0.023841815,-0.07838291,0.083990015
-0.045534346,0.15111697,-0.092729576,-0.008737736,0.060724284,0.03336938,-0.044347424,-0.062538765,0.8465421,-0.19705312,-0.5956638,-0.14060524,-0.15816936
-0.006498358,0.18875176,0.031047331,-0.004746812,0.044711914,0.04921999,-0.016455358,0.032052994,1.0490596,0.11187235,0.016438615,-0.05512836,0.13061851
-0.02096784,0.2245463,0.088600144,-0.00526562,0.052769,0.072069965,0.029290445,0.013905689,1.0281434,-0.20630954,0.025666587,-0.006762574,0.07899818
-0.034040235,-0.0201023,-0.059166294,-0.006826985,-0.14483036,-0.10584605,-0.046819948,0.03938614,-2.2407544,-0.1110095,0.011085538,-0.059396412,0.04640515
-0.010318456,0.05276877,0.027931914,-0.003264422,-0.000154869,0.1005875,0.012423891,0.015939549,-1.9476753,0.08367168,0.012417802,-0.09925356,0.062106073
-0.018423812,0.031127645,0.095598534,0.003683297,-0.010050632,0.034825947,0.010046413,0.028293869,0.7777142,0.07810967,0.014312051,0.41361567,-0.013477627
-0.030916601,-0.17234267,0.05423928,0.003785397,0.08367532,0.10747824,0.018006437,0.03457732,0.83888227,0.08431573,0.020094177,0.3918842,-0.05939236
-0.047492698,-0.003976303,0.042540427,-0.000648023,-0.07509682,0.17093904,0.003100761,-0.18617316,1.0169828,0.006453661,0.020196728,-0.043838955,0.1580818
-0.007376474,-0.112478904,0.04257478,-0.003980865,0.11388938,0.10734512,-0.004099196,0.19952817,0.93262434,0.045579474,0.020129671,0.3264699,0.032842204
-0.020499134,0.06585375,-0.05111306,-0.008621468,0.08255139,-0.12165673,0.1060051,0.034678277,-2.2337563,-0.107446924,0.008307801,-0.11319695,0.053857613
-0.027356884,0.1503511,0.042743444,-0.005099879,0.098779686,-0.03172442,-0.022611517,0.03130488,1.1228323,0.016119814,0.024073597,-0.021421295,-0.052427962
0.13022554,-0.13842545,0.06561833,-0.004534703,0.04578308,-0.1482569,0.05449645,0.040918883,1.1020828,0.04193187,0.021535518,0.024724916,-0.039931975
-0.018122807,0.037784725,-0.007463355,-0.014227243,0.069169514,0.101283416,-0.000206699,-0.18579957,0.87471,0.034271847,0.015414562,-0.0670411,-0.09197049
-0.04568339,-0.20587507,0.08017589,-0.000248345,-0.020265056,0.029615955,-0.038587023,0.03374748,-1.9753668,-0.015712127,0.007581112,-0.62611216,0.08337252
-0.041294094,-0.085249335,0.002960569,-0.008426427,0.21090005,-0.1230829,0.000569253,0.021244517,-1.6387434,-0.18923146,0.004654735,-0.6542578,0.09116253
-0.049148258,0.1822177,0.03217396,-0.00771019,0.10727685,-0.028582888,0.06270758,0.049353853,1.0443228,-0.058747068,0.020084914,0.000612195,0.036673777
0.24298024,-0.056116868,-0.075616494,-0.008007316,0.07366978,0.041765455,0.10738091,0.00390468,0.9156031,-0.097546704,0.027160931,-0.040268794,-0.034918036
-0.030345488,0.034377363,-0.031630952,-0.003649027,-0.17544267,0.14672019,-0.059884354,-0.13514583,-1.9168006,-0.03798037,0.014683255,-0.12274256,0.045130465
-0.050013777,0.035222337,-0.0343116,0.059297998,-0.112313315,-0.08518706,0.07220001,0.027866473,-2.0225,-0.22762163,0.007862869,-0.5183928,0.11051935
-0.02185385,-0.084592946,0.06038003,0.000475411,0.06506551,-0.017333262,0.014389101,-0.19378762,0.99179566,0.057640854,0.027910387,-0.059962712,-0.10374016
-0.028781692,-0.30799633,-0.12458753,-0.00024599,-0.022815023,0.039508056,-0.020468494,0.015366829,0.7581588,-0.05489931,0.016154379,0.3340013,0.034087095
-0.03677911,-0.16731036,-0.033484545,-0.000171937,-0.1551889,-0.10208039,0.07915056,0.02948785,1.0425291,-0.048829053,0.025656955,0.005374006,0.052982263
0.000130751,0.117635086,0.049188167,-0.006046684,0.07439003,-0.076670684,0.018450078,0.050408322,0.99091613,-0.035682093,0.013087777,-0.051318325,0.10852287
-0.032459732,0.2550686,-0.026600197,-0.003521422,0.019959794,-0.082039155,0.013378475,-0.20270516,-1.9071217,0.09110815,0.011167564,-0.056113616,-0.061489183
-0.009345556,-0.012316679,0.02542846,-0.001496328,0.05481528,-0.041015998,-0.005890355,0.050274316,1.0667493,0.10163481,0.021135068,0.006689416,0.05085203
-0.026821986,-0.16514176,0.03642662,-0.01257678,-0.067835025,0.027284734,0.015278569,-0.001541946,0.8885723,0.14125164,0.026214771,-0.08709584,-0.09088155
-0.039917342,0.14538303,0.04169049,-0.00447819,-0.103573315,0.03678289,0.06906086,0.018233996,0.8693768,0.0692933,0.025272934,-0.6118289,0.18942153
0.09814636,0.07627274,-0.058857385,-0.000281083,0.021520592,0.105259255,0.002831206,0.022844866,0.89122653,0.06862459,0.022286609,0.3451805,-0.000721798
-0.000584498,0.006173909,0.005183348,-0.013006534,0.07412455,0.28279105,-0.030767944,0.118469074,0.9775102,-0.12793745,0.018783402,-0.024048563,-0.056251742
-0.037281595,0.13596602,0.027198115,-0.0011433,0.101144716,0.16295053,-0.000780348,-0.08188464,-1.1991924,0.25259537,0.006183711,0.89998746,0.016902335
-0.0292264,-0.15001467,0.05584481,-0.004123921,-0.11454304,0.022596905,0.035017982,0.015683187,1.0646118,-0.004576415,0.027680626,-0.084877126,0.114651054
-0.016085846,0.16330995,0.08228134,0.000669612,0.001276231,0.086941116,0.012426875,0.028775152,0.84879154,0.055060852,0.016169399,0.37995484,-0.015797362
-0.022619184,0.065864086,-0.08088376,0.001577704,0.03724949,0.08589462,0.003136687,0.003716454,0.83814013,0.09596111,0.013659578,0.3714528,-0.04275197
-0.010830333,-0.06737021,-0.026653118,-0.001719872,0.068334594,0.0797759,0.004375901,0.021333357,0.9853422,0.09908125,0.024363367,-0.0534039,-0.09336591
-0.018704964,-0.087693535,0.039367583,-0.002072866,0.016979314,0.12349449,0.02472807,0.03595516,0.91974163,0.042119194,0.015141143,0.37038743,-0.07103067
-0.011086192,-0.046533827,0.023971368,-0.005420834,0.012124637,0.013784952,0.023994427,0.011550406,0.93137455,0.1035117,0.026531724,-0.07280225,-0.09891352
-0.021391377,-0.074294366,0.03838418,-0.00978578,-0.10813641,-0.15355124,0.022447051,0.051363792,0.93585354,0.02127215,0.018629806,0.23252788,0.08482084
-0.010300865,0.15471007,0.030132957,-0.005156251,0.004596278,0.10422978,-0.001338327,0.011856612,-1.994014,0.12678896,0.01019953,-0.15242936,0.06697913
-0.038450386,-0.011993588,-0.011340733,-0.006741678,-0.10725172,-0.12303133,-0.007209607,0.034938604,-2.141957,-0.14984173,0.011302578,-0.123140484,-0.08257063
-0.031647574,-0.07843582,0.05745902,-0.000470699,-0.04207806,-0.08867354,0.041493725,0.06024044,0.94417053,0.044131294,0.018768817,0.2710003,0.019854756
0.11656086,-0.005919446,0.011774828,-0.007630494,-0.14940138,-0.14539754,0.003589895,0.040258568,-2.2474341,-0.13839944,0.008264369,-0.12118152,0.03716872
-0.003702908,-0.075959355,-0.004128087,-0.004829906,0.16124338,-0.21950784,-0.014981246,-0.08264408,-1.7010711,0.11534122,0.006042654,-0.15143219,0.033129014
-0.01810449,-0.008568483,0.06708778,-0.00517353,0.01454791,0.1505344,-0.002495147,0.028703839,0.9949177,0.008575648,0.015280423,0.30666798,0.043288343
0.000514502,0.21267246,0.038861252,-0.002336954,0.023361351,0.07769002,0.058987774,0.026359683,0.9586699,0.10052151,0.02729212,-0.034597717,0.10965176
-0.023364883,0.10111714,0.044846106,0.06680956,0.0924471,-0.004214572,-0.006396768,0.044135455,1.1347872,0.036003754,0.024089135,-0.020920135,-0.03967325
-0.015312483,0.19518396,0.035908554,-0.003373826,0.09043436,0.09672808,0.057568982,0.028050076,1.0113392,0.017104765,0.022296641,-0.05909353,-0.03446783
-0.00734505,0.18618318,0.06371264,-0.005436228,-0.015696751,-2.10E-05,-0.020649225,0.022612477,0.9296068,0.030437881,0.020904446,-0.057166297,0.06584368
-0.008137929,0.1963961,0.02487113,-0.010260503,0.056458667,0.10466901,0.003958189,0.014003886,0.92007244,0.13090263,0.019099321,-0.08735375,-0.14610328
-0.029807692,-0.30334622,0.011560917,-0.019344335,-0.06996854,0.014453798,0.00224546,0.006353645,0.8525354,-0.03240352,0.022906762,-0.1257784,-0.09249052
0.030227926,0.15350093,-0.013125747,-0.002392329,0.05502704,0.07841607,0.019333301,-0.19562921,0.97511387,-0.06040647,0.019888468,-0.034358267,0.04607947
-0.008663846,0.11545536,0.058016684,-0.005616933,0.04229156,0.099207565,0.001657667,0.032208264,1.0467116,-0.006578986,0.02556565,-0.03904374,0.051285785
-0.060497455,0.000382944,-0.14362188,-0.00711949,-0.04502276,-0.05064511,0.002385911,-0.011389319,0.90581554,-0.33881956,0.02084006,-0.5568759,0.20534107
0.06247202,-0.21855095,-0.011482585,0.001946347,0.029896164,-0.098628834,0.027584432,0.044763062,-2.1935751,0.07258685,0.007317545,-0.114150085,0.02571185
0.034102816,0.041832138,0.043269772,-0.005824519,0.10094735,0.001167856,-0.019227464,-0.09125391,1.114185,0.10592563,0.016125355,0.004210778,0.13264659
-0.03703288,0.007121945,0.00943894,-0.012952845,0.091303326,0.0821383,-0.023523578,-0.14806484,0.96592045,-0.005755498,0.018165901,-0.03554294,-0.09728935
-0.03860756,0.12976442,0.07075117,-0.004462202,-0.1291776,0.032313284,0.015738083,0.01618413,1.0642972,-0.19579849,0.023958104,0.04385703,-0.11228769
-0.021175224,0.016432967,-0.08322038,-0.003092546,0.010475496,0.09163102,0.020130653,-0.0021685,0.70891845,0.051980913,0.007986141,0.35861155,-0.025989652
-0.032058563,-0.09143093,0.029067174,0.000564915,0.08894825,-0.049856633,0.025128383,0.050322436,1.1209589,0.08058218,0.019962385,-0.017210513,0.060647167
-0.04231986,0.032676633,-0.048132118,-0.007827105,-0.09416973,0.114840835,0.034528263,-0.16272189,-1.874845,-0.07245158,0.007740381,-0.64670163,0.035985652
-0.003897914,0.13222928,-0.028078893,-0.007365129,-0.22194056,0.001469925,-0.02323562,0.01599555,0.95417887,0.13334978,0.02378433,-0.093487345,-0.11696847
-0.010149432,-0.073245764,-0.031848382,-0.008841931,0.036049552,0.0725011,-0.008465622,0.014000943,0.91536415,0.09045865,0.019963382,0.34837094,-0.07962359
-0.009102376,-0.06821454,0.039775066,-0.004865304,0.021151464,0.10897305,0.003629893,0.03582248,0.96765774,0.066593796,0.02230317,0.32851613,-0.030685714
-0.017050404,0.009499664,0.042038452,-0.012136941,-0.13938956,-0.02982233,-0.01634879,0.024105947,1.1290953,0.004082645,0.018870475,-0.03122008,-0.13607351
-0.004567011,0.20014125,0.002550902,-0.001625413,0.09739242,0.20180407,0.013753623,0.21008624,1.0595384,0.09013322,0.0326963,-0.037860204,-0.03868914
-0.042708363,-0.02357379,-0.054217357,-0.009057858,-0.23462108,-0.1437203,-0.019873044,0.032156017,-2.0797956,-0.13569286,0.012321693,-0.03364576,-0.08650041
-0.017346928,0.23079483,0.07329161,-0.001349868,0.06789827,0.12349181,0.026535396,0.029355273,0.7465155,0.06311604,0.009716882,0.4570646,-0.06396061
0.011431177,-0.037762776,-0.004293092,-0.005566408,-3.32E-05,0.097482085,0.012980659,0.012104817,-2.095009,-0.061264753,0.007519371,-0.13323522,0.046878062
-0.03857875,-0.042038724,-0.074657924,0.00046648,-0.094493575,-0.03688633,0.063731,0.028050344,1.0594854,0.0661425,0.022853056,-0.021960588,0.052649807
-0.02187641,-0.24910638,0.012048061,0.000290637,-0.005679541,0.020097945,0.013196236,0.023197012,-2.0427501,0.11153814,0.011345105,-0.17773865,-0.05432393
0.09042908,0.00433986,-0.006781912,-0.004703311,-0.06917352,-0.08219659,-0.014355009,0.02792241,-2.139578,-0.110787116,0.010760464,-0.08074304,0.0476301
0.14269416,0.0757139,0.045328103,0.006292135,0.12781952,-0.008257378,0.048937157,0.010207363,1.0635376,0.08716399,0.018035356,-0.016953168,-0.024382263
0.001915138,-0.058940586,0.05706802,-0.005030176,0.020436501,0.07839195,-0.009672575,0.005306193,-1.9918946,-0.044173002,0.009037041,-0.13152452,0.04040335
-0.009677108,0.20441583,0.007828936,-0.006276928,-0.004274403,0.25023067,-0.025809672,0.016779393,-1.9705802,0.14148045,0.012289691,-0.124173485,0.07338677
-0.032206614,-0.084341824,0.002887934,-0.018091159,0.0345507,-0.21266913,-0.012398847,-0.27525562,0.8807479,0.065929644,0.010641509,0.29914734,-0.04482618
-0.022006838,0.2583165,0.07784597,-0.010304987,0.08868154,-0.0724813,0.005434497,0.023227785,1.0311545,-0.2028666,0.02562907,0.017318629,-0.059969172
-0.035153557,-0.04383624,0.12626255,-0.004337861,-0.09154794,-0.14878882,-0.051413435,-0.19989845,-2.062809,-0.067394294,0.010194408,-0.3990552,0.060051925
-0.04040854,-0.085485086,0.00975945,-0.004458639,0.07998811,-0.087649494,-0.012536014,0.014960112,-1.893464,0.06204886,0.00897139,-0.10459123,0.011638615
-0.013319558,0.106609955,0.026979994,0.00631687,0.07811919,-0.031047521,0.016954698,0.030718155,1.0521138,0.07368744,0.021641772,-0.07343592,-0.06655319
-0.04171035,-0.10107466,-0.002540076,-0.001183341,-0.16576095,0.1816949,0.017418753,0.02775516,-1.651793,-0.21192956,0.010657334,0.70847553,-0.08361007
-0.02045102,-0.031447105,-0.080038,-0.00347341,-0.20156805,0.08443388,0.000681537,-0.010556985,1.0015088,-0.02189147,0.025515912,-0.07243323,0.03143196
-0.012481672,-0.060814712,0.09337803,0.001172455,0.02267848,0.14354382,0.010243906,0.03804655,0.8608108,0.087832145,0.015723575,0.39166245,0.000348621
-0.036275372,0.010059089,0.020940877,-0.007492284,0.13257568,-0.030306386,-0.028142352,0.018730856,1.0447612,0.034164898,0.02418525,-0.029162675,-0.05193045
-0.011893059,-0.061518803,0.002125691,-0.005806189,-0.000400989,-0.06359978,0.002317677,0.03724683,-2.1116092,0.1301672,0.012538296,-0.055366766,0.039517842
0.0780494,-0.05032882,-0.008203778,0.010267707,0.08269279,-0.024637092,-0.002970165,0.035173018,1.0232874,0.10317278,0.017771991,-0.045872863,0.043417178
-0.007524298,-0.077551,0.020932592,-0.005109449,0.03884882,0.05457287,-0.007210409,0.022261197,0.9921666,0.075822845,0.025341276,-0.06867063,-0.13118969
-0.042093076,-0.18911016,0.10216246,-0.001839199,0.019871112,-0.068560384,-0.038469426,0.052858602,-2.1350098,-0.021215022,0.006954198,-0.5597372,0.07651202
-0.027675515,-0.17246418,-0.016707236,-0.016272325,0.11022652,0.013991091,-0.007317022,0.026399458,1.076152,0.09415546,0.02321824,-0.02101385,0.062114622
0.22851476,0.06811329,-0.017510857,-0.003899831,-0.055349883,-0.11751478,-0.02027852,0.054722644,-1.9771477,-0.063845456,0.00871401,-0.47800696,0.08103948
-0.028336009,0.027007628,0.007109992,-0.005219133,-0.053097967,0.23004988,0.013934233,0.020941362,-2.0725992,-0.14832078,0.010815735,-0.111664645,0.08246216
0.21248414,-0.06688819,-0.052121382,-0.002196556,0.02691497,0.04385427,0.000825504,-0.0006637,0.8997446,0.01907365,0.021173606,-0.069596566,-0.035047594
-0.001539921,0.18013501,0.049219094,-0.002718412,-0.08913144,-0.008700781,0.028939959,0.029653378,0.9723212,0.12881386,0.02989129,-0.06479241,-0.10847122
-0.003840327,0.12111269,0.083413266,-0.010843615,0.074639335,0.104935125,0.0376462,0.03201045,0.8797819,0.000977081,0.020077633,0.2890602,0.001875122
-0.025934104,0.003205557,-0.03975839,-0.014034803,0.096289866,0.067274004,-0.027809676,0.001781811,0.9841726,0.008327501,0.018777955,-0.031472445,-0.0672848
-0.04650584,-0.041210387,-0.012220113,-0.008300759,-0.07125781,-0.11259199,-0.01669208,0.031362448,-2.057866,-0.1273424,0.007752147,-0.5251449,0.10917151
-0.002063097,-0.076629736,0.002559338,0.002194558,-0.06382452,0.013482384,-0.012298348,-0.008656641,0.87669367,0.09461905,0.021158502,-0.06760776,-0.05464789
-0.017227832,0.28331724,-0.09957609,-0.004588659,0.041106302,0.115789704,-0.008684135,0.002525052,0.73665774,0.031723037,0.009712639,0.34900793,0.03668879
0.17163438,0.05543275,-0.048665386,-0.011545588,0.120065674,0.099501364,-0.010246955,0.005779031,0.85557544,0.045730926,0.017884677,0.39830166,0.005719559
-0.022536134,0.3090729,0.028947657,-0.008774313,0.02669588,0.12882291,0.01950126,-0.14288336,0.8633868,0.018911863,-0.34071323,0.45776588,0.14938931
-0.041731298,-0.16842411,-0.009731986,-0.002931539,0.043912105,-0.06370633,-0.00645337,0.043453522,-2.2358203,-0.09511561,0.00745766,-0.11644021,0.04342254
-0.02206574,-0.38559115,0.041534323,0.096601024,-0.033957053,-0.015129717,0.048357826,0.019255593,0.89733857,0.001356348,0.02153226,-0.11433051,-0.11735776
-0.002648433,0.043080714,0.018030979,-0.002695732,0.061907843,0.07452413,0.007750643,0.026811836,1.033232,0.06967737,0.016899286,-0.070977665,-0.11144012
-0.02798038,0.042322643,-0.008014048,-0.006924179,0.008600624,0.11397084,0.00651089,0.0190688,-2.19157,-0.11845629,0.008537494,-0.14475897,0.060484115
-0.032315098,-0.09389383,-0.030799972,0.006447134,-0.08275142,0.03039973,-0.01474767,0.007810505,0.6981763,0.11640763,0.014822749,0.4329904,-0.03173746
-0.007308078,0.15015614,0.01694132,0.08812542,0.08373923,-0.015008513,0.027400987,-0.187091,1.1799526,0.094922684,0.015683083,-0.000743968,0.1652659
0.004036535,0.018986836,-9.76E-05,-0.005660882,-0.06970139,-0.0735125,0.017387012,0.04306008,-1.9064555,0.103965014,0.0091132,-0.5236186,0.08528004
-0.00104743,0.15934531,-0.079909615,-0.003696932,-0.13544448,0.008604808,0.038996328,0.014312441,0.97369856,0.1775239,0.03126829,-0.040018357,0.106417224
-0.009298599,0.22699973,0.031461876,-0.012336507,0.09064883,0.092485726,0.103174925,0.016388364,1.0235921,0.000325917,0.017161008,-0.058764316,0.12277452
-0.007020284,-0.052384056,0.034167048,-0.008900946,0.049756676,-0.021242326,-0.01859381,0.020275405,0.99200046,0.027222047,0.025945485,-0.07025292,-0.06848903
-0.012243231,-0.012466722,0.03146244,-0.009230212,0.09731906,0.095518775,0.006168279,0.036792357,1.1671557,0.031940356,0.022719836,0.027280748,0.08685223
-0.047383595,-0.009426984,-0.04393229,-0.004313539,-0.16388683,-0.1571435,-0.13109335,-0.11093441,-2.252267,-0.04717648,0.010888325,-0.027924303,0.0439777
-0.003647649,-0.17206585,0.021084601,-0.00805115,0.06692568,-0.18538648,-0.016680297,0.046066582,1.0300536,0.1320905,0.017253838,-0.007148005,0.048813805
-0.008193743,0.15139222,0.074152395,-0.011238834,0.041708216,0.054511037,0.010749565,0.023341767,0.84980017,0.04470712,0.020069776,0.400897,-0.032200202
-0.005296052,0.23753409,0.024361238,-0.006344354,0.017768763,0.052034896,0.022764463,0.014227957,0.92216593,0.10084873,0.028168336,-0.06776864,-0.10552423
-0.023592524,0.0414412,0.055460416,-0.004904514,0.12529299,0.0626668,-0.08267912,0.016679946,-1.6605239,-0.11963797,0.005742193,-0.7266056,0.07268997
-0.007452162,0.10455451,0.029784294,-0.003550803,0.053702284,-0.1343327,-0.024103554,0.052606836,1.071444,0.13112402,0.016407114,-0.020193307,0.109865606
-0.016359072,0.31977388,-0.08496511,-0.011393554,0.10685877,0.104430005,-0.054163657,-0.002741005,0.7675757,0.036869016,-0.6082906,-0.16180529,-0.119293906
0.081989095,-0.019005582,-0.021718634,-0.00254174,-0.102554664,-0.18746309,-0.011653831,-0.1082201,-2.2122734,-0.08609167,0.01019511,-0.041196547,0.05902605
-0.062451545,0.16710882,0.061809514,-0.003979976,-0.03876874,0.08371794,0.005139446,0.013357889,0.91392773,-0.00313526,0.02070005,-0.065222874,0.07400281
-0.004304977,0.087536834,0.024531588,0.001137611,0.077258475,0.019030843,0.020280223,0.055803534,1.1287224,0.08409248,0.024105111,0.023017973,0.09059871
-0.029528653,-0.36606854,-0.081618436,-0.014817158,-0.042612873,0.025629226,0.012494464,0.00682946,0.72101533,-0.029612685,0.01774552,0.400669,-0.07238403
0.07643183,0.070595615,-0.02482294,-0.000905412,0.06477899,-0.077601664,0.06001419,0.03273373,-2.2602167,-0.049941454,0.009435065,-0.072086126,-0.03637947
-0.061214134,0.19804597,0.043487318,-0.00673878,0.015060226,0.07980524,-0.09143526,0.027441606,0.9692208,-0.28299335,0.01728446,-0.6784176,0.15750961
-0.005516823,0.1809877,-0.030832365,-0.007859962,0.05760473,0.10827394,0.010584339,0.009250644,1.0059977,0.17653488,0.02207774,-0.042840954,0.1403357
-0.03817388,0.03233668,-0.14155284,-7.76E-06,-0.097801976,-0.08818746,-0.009217246,-0.008833377,0.9212855,-0.40955225,0.019118005,0.005135194,0.054167543
-0.04486526,0.007453995,-0.21881741,-0.008029822,-0.16816732,0.08278173,-0.005626869,-0.012666608,0.90189123,-0.4428493,0.017069923,-0.09362476,-0.11127259
-0.007889311,-0.038351525,0.041620363,-0.010360732,-0.224005,-0.08698786,0.01215273,0.028460806,1.1015584,-0.06256661,0.021721913,-0.0211695,0.14065728
-0.011723106,-0.10322544,0.057538863,-0.007554856,0.048002318,0.08690877,-0.00360713,0.004167929,0.9554818,-0.32089618,0.016988032,-0.07590902,-0.09151881
0.18553217,0.0708524,-0.14316334,-0.00227146,0.054023553,-0.060950782,-0.007417043,0.008405814,0.94814837,-0.19457087,0.024874095,-0.0517151,-0.05330372
-0.04669735,-0.18554303,-0.001976342,-0.014072863,-0.045193616,-0.091530874,0.0431916,0.044375982,-2.0552704,-0.1942659,0.008153468,-0.55625093,0.08550096
0.035509914,-0.21107759,0.022945672,-0.002529313,-0.0645909,-0.050427202,-0.064703315,0.04229304,-2.1017015,0.06418786,0.011442141,-0.14778638,0.028320123
-0.010583676,0.20572893,0.029976666,-0.018389381,0.061114494,-0.13946642,0.11705554,0.044067867,0.98326814,0.034365173,0.012301695,0.2898653,0.040055376
-0.011773976,0.24172792,0.05177097,-0.009561913,0.02874328,0.09462241,-0.071430944,0.018970618,0.87410694,0.035606552,-0.5688442,-0.14836442,-0.12778845
-0.042714093,-0.014053709,0.007408307,-0.007836286,-0.04875293,-0.07288474,-0.011754363,0.028324708,-2.039683,-0.20688342,0.007317997,-0.567893,0.090809934
0.06769749,0.05275799,-0.10108157,-0.004691379,-0.11348451,0.09252611,0.024981525,-0.001258453,1.0189241,0.021697834,0.017153256,-0.071172066,0.10707086
-0.025310382,0.020513134,0.07894215,-0.004017474,0.015431386,0.13413566,-0.007222647,0.000573524,-1.7279128,-0.15111558,0.010923594,-0.10330717,0.061503764
0.041502662,-0.05324825,-0.06837575,-0.004823337,0.07676078,0.078897506,0.16108982,-0.00694536,0.8348202,0.08315687,-0.6273195,-0.1364768,-0.07258295
-0.016645825,0.1102848,0.042846333,-0.011712244,0.04976754,-0.18138054,0.002053208,0.02471145,1.0384353,-0.00384516,0.014902844,-0.044253796,0.13187803
-0.03790942,0.009551385,0.006174281,-0.006062004,-0.03286097,-0.15579218,0.002460711,0.018586459,-1.9936417,-0.22395863,0.010778947,-0.07855884,0.07683369
-0.03231589,-0.16093351,0.026509663,-0.000338634,0.0894692,0.06826395,-0.011749579,0.027397862,1.1067802,0.04451605,0.025536759,-0.062397394,-0.087924354
-0.048583817,-0.079807006,-0.06763269,-0.003456504,-0.08038723,-0.15115717,-0.002100039,-0.14750457,-2.1311514,-0.12074965,0.009461927,-0.50947386,0.07398229
-0.022242604,0.07240643,0.055447515,9.58E-05,-0.041629843,0.008174812,0.009643292,0.017834645,0.91096467,0.05555674,0.020153841,-0.08755558,-0.060624883
0.02749281,-0.06834644,0.040468857,0.002670233,0.06770403,0.1063587,-0.00386678,0.013564317,0.989428,-0.27655515,0.01764485,-0.057964675,-0.03753034
-0.013276017,0.055695903,-0.028347725,-0.004671982,0.06939922,0.050183136,-0.004053008,0.02063916,1.0072702,0.12987477,0.01985112,-0.060854234,-0.10107789
-0.009279108,-0.14149392,0.044851158,0.1253806,-0.163221,-0.036543496,-0.001577818,0.03880219,1.1065996,0.01748795,0.023622215,-0.032119073,-0.11701464
-0.007431783,-0.069610894,0.001354884,-0.007523605,0.017681766,-0.1558643,-0.009436507,0.04084336,-2.0063462,0.1546324,0.009664879,-0.10368613,0.040973015
-0.031387955,-0.28964764,-0.006707922,-0.00894828,-0.09275758,-0.20484488,0.007964969,0.043418285,-1.8819853,-0.09833852,0.009632407,0.403164,0.07726066
0.056856588,-0.07623913,0.019686418,-0.008927523,-0.022847285,0.032301836,0.019992009,0.010015534,-1.8738681,0.056385692,0.010246498,-0.19751094,0.026387878
-0.005335222,-0.12812941,0.015098803,-0.00748499,-0.028696017,0.063636266,0.000237495,0.021452459,-1.9821591,0.12716572,0.012450363,-0.0861898,0.041020744
-0.020932158,-0.03630402,-0.0736781,0.10061182,0.04299127,0.069725715,0.018955408,0.011906301,0.9712491,-0.028200578,0.017471112,0.29502296,0.070252925
-0.006693425,0.15640612,0.03330721,-0.01377346,0.020158911,-0.1675101,0.006391743,0.055148527,0.91469157,0.12885755,0.012964481,0.28448528,0.07961513
-0.014237136,0.1807959,0.041684203,-0.012378019,0.044188157,0.12288514,0.08779471,0.022716187,0.94926614,0.04560904,0.014922376,0.41998246,-0.057617478
-0.006716841,-0.006832792,0.027878445,-0.012271516,0.10394241,0.119990796,-0.012604177,0.03557483,1.1528074,0.036391523,0.015205245,0.01262602,0.07444104
0.022743838,-0.022770055,-0.013850408,-0.003960093,0.000647571,0.12453743,0.03619617,0.013695186,-2.0858877,-0.078882605,0.008994721,-0.122961,-0.07165112
-0.030267168,-0.12647116,0.04990935,-0.004376901,-0.14569615,0.079195574,-0.058386512,0.027163157,1.1118538,-0.04213186,0.024884494,0.001106413,0.09138756
-0.024199612,0.13618758,-0.0928982,-0.013838675,0.066301286,0.09505183,-0.002041198,0.01056554,0.79339415,-0.021801922,0.013455727,0.442525,-0.07780522
0.06760642,0.17639945,0.024285955,-0.007301121,0.046608895,0.09978279,0.021053798,0.01790108,0.99767214,0.04088004,0.020956466,-0.085637465,-0.07686491
-0.014994027,0.16946422,-0.07105784,-0.01037477,0.02447746,0.07752953,0.015763178,0.003181622,0.840844,0.026045294,0.021771569,0.33929452,-0.025418049
0.031102095,0.28438875,-0.000487224,-0.009387792,-0.016771516,0.2325233,-0.08853364,0.02431088,-1.5881001,0.08175219,0.006938009,0.6658744,-0.0342162
0.007857111,0.07836621,0.004975057,-0.007320405,0.1081199,0.06746081,0.034188055,0.07189164,1.0745178,0.091520056,0.01675465,0.020719128,0.06433711
0.022195067,-0.17201915,0.028288342,-0.008250373,0.07217017,-0.18509087,0.021681316,0.02465232,1.0772389,0.07411686,0.012072686,-0.007942135,0.033720877
-0.006914978,0.04625732,0.019960199,0.06555493,0.058197804,-0.11359529,-0.009633206,0.048934225,1.044042,0.094043195,0.02092777,-0.044706378,-0.11858104
0.10405732,-0.23535526,0.101954296,-0.000413131,0.072342195,-0.10860456,-0.030147439,-0.16454907,-2.220405,-0.042240553,0.009642311,-0.070646405,-0.051571112
-0.02839504,0.056292895,0.007764938,-0.00650662,-0.06727284,0.22277272,0.014551885,0.020711955,-2.1247237,-0.18371321,0.009869141,-0.15286016,0.07628754
-0.007431519,0.009967507,0.04726535,-0.009250403,0.05708798,-0.06399144,0.03141163,0.050152324,1.0301328,0.008894751,0.019840583,-0.007323043,0.021177266
0.005457758,0.08324705,0.026253264,0.001209299,0.039999187,0.083212614,0.005940716,0.033315286,0.9263111,0.061570685,0.018548159,0.2223055,9.53E-05
-0.01795748,0.029060971,-0.09941359,0.06754505,0.059682004,0.059962824,-0.007926066,-0.000750137,0.74187213,0.041320067,-0.66251343,0.5158368,-0.051633496
-0.006271126,0.15704457,0.01378084,0.09954799,0.07810135,-0.054883413,0.024335243,0.0674045,0.9814766,0.030041821,0.024122989,0.26884046,-0.004177944
-0.036186565,0.067783535,-0.12817243,-0.009728455,-0.21640779,0.11173872,0.118029125,-0.014785603,0.90942335,-0.2841801,0.0208958,-0.09935032,-0.1398595
-0.008285293,0.3661884,-0.111579806,-0.013280141,0.120209076,0.09476411,-0.009736763,0.000700015,0.8159364,0.001902014,-0.5605581,-0.13597034,0.14229663
-0.025031736,-0.007410603,0.121918276,-0.007737768,0.012366744,-0.0814789,-0.05961791,0.038334776,-2.055376,-0.028972805,0.006963408,-0.61029345,0.0893631
-0.030435035,-0.05284307,-0.012156617,-0.007256176,-0.13799241,-0.17323937,-0.010085874,0.029691825,-2.126631,-0.16032796,0.009911345,-0.09957064,0.06717785
-0.044466686,-0.1434248,0.013250547,-0.002797884,0.088605694,0.13050799,0.021282557,-0.24547495,0.91324764,0.050374005,0.020838156,0.39062408,-0.107708745
-0.03662212,-0.25505677,0.03213932,-0.001523754,-0.09495916,0.11424697,-0.011404417,0.030109936,-2.0126438,-0.07719877,0.012224689,-0.15516125,-0.083737396
-0.01307836,-0.072718084,0.027069684,0.002546114,-0.036686603,-0.054965887,-0.022384651,0.02065167,0.93710536,0.07191542,0.019573662,-0.08375403,-0.073845595
-0.0394814,-0.21454681,0.001411634,0.000228336,-0.012054032,-0.17165391,0.012471335,-0.1998637,-2.0336986,0.0993203,0.006670027,-0.5509317,0.07034834
-0.024629733,0.24707094,-0.050761633,-0.00534801,0.03642516,0.11357259,0.010476152,0.029404718,-2.1118429,-0.07557026,0.012529705,-0.07573981,0.042602833
